,id_mission,id_report,id_labdoc,id_trace,user,sim
0,453,38523,365902,6514478,10638,1.0
1,453,38523,365897,6512026,10662,1.0
2,453,38523,365918,6505096,10662,1.0
3,453,38523,365918,6507130,10638,0.82
4,453,38523,365962,6516349,10638,1.0
5,453,38523,365829,6474657,10638,1.0
6,453,38523,362157,6503721,10638,1.0
7,453,38523,362078,6408983,10662,1.0
8,453,38555,368460,6588591,10705,1.0
9,453,38555,368467,6593435,10705,1.0
10,453,38555,368459,6590654,10705,1.0
11,453,38555,368452,6583476,10705,1.0
12,453,38555,368491,6597661,10705,1.0
13,453,38555,368417,6544938,10705,1.0
14,453,37526,338199,5810928,10881,1.0
15,453,37526,338002,5801341,10876,1.0
16,453,37526,337724,5791018,10881,1.0
17,453,37526,334690,5738066,10876,1.0
18,453,37526,334690,5804407,10881,1.0
19,453,37526,338018,5805329,10881,1.0
20,453,37526,338206,5809559,10876,1.0
21,453,37526,338171,5807581,10876,1.0
22,453,37526,337839,5800279,10876,1.0
23,453,37558,334745,5735007,10922,1.0
24,453,37558,335623,5735438,10930,1.0
25,453,37558,332871,5667079,10930,1.0
26,453,37558,332871,5670832,10922,0.94
27,453,37558,332871,5672116,10930,1.0
28,453,37558,332871,5709172,10922,0.89
29,453,37558,334731,5721553,10922,1.0
30,453,37558,334731,5722619,10930,0.75
31,453,37558,334731,5725082,10922,0.8
32,453,37558,334749,5730250,10932,1.0
33,453,37558,334749,5735249,10922,0.87
34,453,37558,334740,5725486,10932,1.0
35,453,37558,334740,5726766,10922,0.76
36,453,37558,334740,5729489,10930,0.69
37,453,37558,334740,5733320,10932,1.0
38,453,38558,368235,6536524,10702,1.0
39,453,38558,368235,6546529,10671,1.0
40,453,38558,368278,6538449,10702,1.0
41,453,38558,368658,6596135,10671,1.0
42,453,38558,368526,6547174,10671,1.0
43,453,38558,368632,6588225,10671,1.0
44,453,38558,368639,6591164,10671,1.0
45,453,38558,368525,6547168,10671,1.0
46,453,38558,368617,6587593,10671,1.0
47,453,38558,368231,6534539,10702,1.0
48,453,38558,368231,6546473,10671,1.0
49,453,38558,368243,6536443,10702,1.0
50,453,38558,368243,6546577,10671,0.99
51,453,38558,368499,6546703,10671,1.0
52,453,38558,369879,6587113,10671,1.0
53,453,38558,368229,6534511,10702,1.0
54,453,38558,368229,6546457,10671,0.99
55,453,38558,368351,6550329,10702,1.0
56,453,38558,368619,6587627,10671,1.0
57,453,40257,369647,6592845,10702,1.0
58,453,40257,368412,6543956,10702,1.0
59,453,40257,368693,6583816,10702,1.0
60,453,40257,368408,6543936,10702,1.0
61,453,40257,368411,6543950,10702,1.0
62,453,40257,368410,6546685,10702,1.0
63,453,40257,368409,6543941,10702,1.0
64,453,40257,368722,6600189,10702,1.0
65,453,40257,368694,6583958,10702,1.0
66,453,40257,368506,6600574,10702,1.0
67,453,40257,369555,6569801,10702,1.0
68,453,40257,369946,6598389,10702,1.0
69,453,40257,368712,6599621,10702,1.0
70,453,40257,368505,6546691,10702,1.0
71,453,40257,369570,6600838,10702,1.0
72,453,40257,368654,6549284,10702,1.0
73,453,40257,368407,6543933,10702,1.0
74,453,27390,250183,3749925,8201,1.0
75,453,27390,250400,3756389,8201,1.0
76,453,27390,249270,3720887,8201,1.0
77,453,27390,250278,3756432,8201,1.0
78,453,27390,250480,3756348,8201,1.0
79,453,38560,368887,6582347,10676,1.0
80,453,38560,369351,6595965,10676,1.0
81,453,38560,369633,6596437,10676,1.0
82,453,38560,369237,6591383,10676,1.0
83,453,38560,368778,6583195,10676,1.0
84,453,38560,368785,6569378,10699,1.0
85,453,38627,368153,6545590,10741,1.0
86,453,38627,368355,6544245,10772,1.0
87,453,38627,368355,6544726,10741,0.81
88,453,38627,367561,6518185,10772,1.0
89,453,38627,367561,6531787,10741,1.0
90,453,38627,368445,6545899,10772,1.0
91,453,38627,368415,6545649,10741,1.0
92,453,38627,367645,6518768,10772,1.0
93,453,38627,368069,6529296,10741,1.0
94,453,38627,365601,6528964,10741,1.0
95,453,38627,367602,6518563,10772,1.0
96,453,38627,368421,6544557,10772,1.0
97,453,38482,369027,6578646,10634,1.0
98,453,38482,368909,6567874,10634,1.0
99,453,38482,368631,6549305,10634,1.0
100,453,38482,368782,6560531,10634,1.0
101,453,38482,368936,6568906,10634,1.0
102,453,38482,368697,6550193,10634,1.0
103,453,38482,369038,6579098,10634,1.0
104,453,37539,340981,5882695,10893,1.0
105,453,37539,340965,5881812,10893,1.0
106,453,37539,340943,5881148,10893,1.0
107,453,37539,341007,5883091,10893,1.0
108,453,37539,340952,5881484,10893,1.0
109,453,37539,340930,5880929,10893,1.0
110,453,37539,341074,5884556,10893,1.0
111,453,37539,341158,5886729,10893,1.0
112,453,37539,340591,5875262,10893,1.0
113,453,37539,340966,5881892,10893,1.0
114,453,37539,340976,5882394,10893,1.0
115,453,37539,340914,5880497,10893,1.0
116,453,37539,340755,5876819,10893,1.0
117,453,37539,340967,5882066,10893,1.0
118,453,37539,341174,5887839,10893,1.0
119,453,37539,340905,5879813,10893,1.0
120,453,37539,340923,5880517,10893,1.0
121,453,37539,340951,5881254,10893,1.0
122,453,37539,341010,5883921,10893,1.0
123,453,37539,340926,5880680,10893,1.0
124,453,37539,340954,5881596,10893,1.0
125,453,37539,341161,5887054,10893,1.0
126,453,37539,340835,5877205,10893,1.0
127,453,37539,341055,5884486,10893,1.0
128,453,37539,340927,5880843,10893,1.0
129,453,37539,340955,5881650,10893,1.0
130,453,37539,341078,5886837,10893,1.0
131,453,37539,341078,5895893,10917,0.57
132,453,37539,340788,5877116,10893,1.0
133,453,37539,340270,5866822,10893,1.0
134,453,37539,340270,5869856,10917,0.57
135,453,37539,340978,5885737,10893,1.0
136,453,37539,340979,5882529,10893,1.0
137,453,37539,340873,5881183,10893,1.0
138,453,37539,340934,5881785,10893,1.0
139,453,37539,341155,5886588,10893,1.0
140,453,37539,341155,5895541,10917,0.87
141,453,37539,341163,5887750,10893,1.0
142,453,37539,340837,5881799,10893,1.0
143,453,27181,246354,3655292,8229,1.0
144,453,27181,245867,3641247,8230,1.0
145,453,27181,245867,3644125,8229,0.9
146,453,27181,245867,3645938,8230,0.82
147,453,27181,245867,3648824,8229,0.83
148,453,27181,245867,3652236,8230,1.0
149,453,27181,245951,3653038,8229,1.0
150,453,27181,245954,3655053,8229,1.0
151,453,27181,245834,3642400,8230,1.0
152,453,27181,245728,3638509,8229,1.0
153,453,27181,245728,3642736,8230,0.99
154,453,27181,245728,3650215,8229,1.0
155,453,27181,245924,3642344,8230,1.0
156,453,27181,245924,3647715,8229,0.83
157,453,37544,341159,5886951,10914,1.0
158,453,37544,340980,5886182,10896,1.0
159,453,37544,340838,5877328,10896,1.0
160,453,37544,341165,5887728,10914,1.0
161,453,37544,342116,5903374,10914,1.0
162,453,37544,339302,5844565,10914,1.0
163,453,37544,339302,5885222,10896,1.0
164,453,27064,244371,3601867,7740,1.0
165,453,27064,244810,3610765,7744,1.0
166,453,27180,245735,3653740,8231,1.0
167,453,27180,245823,3646459,8231,1.0
168,453,27180,245726,3652854,8231,1.0
169,453,27180,245476,3633164,8231,1.0
170,453,27180,245824,3648719,8231,1.0
171,453,27180,245742,3655091,8231,1.0
172,453,27180,245790,3639415,8256,1.0
173,453,40156,363359,6427464,10738,1.0
174,453,40156,362681,6417190,10738,1.0
175,453,40156,363351,6427281,10738,1.0
176,453,40156,362149,6412080,10738,1.0
177,453,40156,363348,6427037,10737,1.0
178,453,40156,363143,6423066,10737,1.0
179,453,27082,244556,3605676,7807,1.0
180,453,27082,244556,3626230,7806,0.96
181,453,27082,244732,3629139,7806,1.0
182,453,27082,244692,3627620,7806,1.0
183,453,27082,244572,3605271,7807,1.0
184,453,27082,244747,3608451,7806,1.0
185,453,27082,244467,3604803,7807,1.0
186,453,27082,244467,3623436,7806,0.67
187,453,27082,244589,3606044,7807,1.0
188,453,27082,244589,3608381,7806,1.0
189,453,37542,340102,5879862,10911,1.0
190,453,37542,340102,5889280,10912,0.92
191,453,37542,340037,5876877,10911,1.0
192,453,37542,341135,5888188,10912,1.0
193,453,37542,336911,5859642,10912,1.0
194,453,37542,336911,5888248,10911,1.0
195,453,37542,340536,5884865,10912,1.0
196,453,37542,340536,5888813,10911,0.99
197,453,37542,340537,5881159,10911,1.0
198,453,37542,340537,5889311,10912,0.98
199,453,38520,367556,6517733,10667,1.0
200,453,38520,366553,6491146,10667,1.0
201,453,38520,367554,6517639,10667,1.0
202,453,38520,365591,6488168,10667,1.0
203,453,38520,365591,6497937,10644,0.98
204,453,38520,367550,6517416,10667,1.0
205,453,38520,367550,6517697,10644,0.79
206,453,38520,367559,6517761,10667,1.0
207,453,38520,367173,6504239,10667,1.0
208,453,38520,367173,6505334,10644,0.48
209,453,38520,367173,6509085,10667,0.94
210,453,40152,363147,6421389,10732,1.0
211,453,40152,356993,6254563,10732,1.0
212,453,40152,356993,6348735,10736,0.89
213,453,40152,356993,6416042,10732,1.0
214,453,40152,360512,6426797,10732,1.0
215,453,40152,363150,6421471,10732,1.0
216,453,40152,363148,6421405,10732,1.0
217,453,40152,361738,6427023,10732,1.0
218,453,40152,363247,6426608,10732,1.0
219,453,40152,363153,6421483,10732,1.0
220,453,40152,361776,6427012,10732,1.0
221,453,40152,360499,6425177,10732,1.0
222,453,40152,363152,6421454,10732,1.0
223,453,38524,366619,6512790,10641,1.0
224,453,38524,365969,6500085,10665,1.0
225,453,38524,365969,6509925,10641,0.59
226,453,38524,366433,6515970,10665,1.0
227,453,38524,367129,6500637,10641,1.0
228,453,38524,365983,6496773,10641,1.0
229,453,38524,365983,6500137,10665,0.98
230,453,38524,365983,6515780,10641,0.96
231,453,38524,367094,6500205,10665,1.0
232,453,38524,367094,6515914,10641,0.41
233,453,27281,248778,3702875,8288,1.0
234,453,27281,247821,3687651,8284,1.0
235,453,27281,247821,3705173,8288,0.99
236,453,27281,249065,3715644,8288,1.0
237,453,27281,249105,3715601,8288,1.0
238,453,27281,249148,3717274,8288,1.0
239,453,27281,249014,3712316,8288,1.0
240,453,27281,248772,3702677,8288,1.0
241,453,27281,249128,3715876,8288,1.0
242,453,27281,247962,3687754,8284,1.0
243,453,27281,248819,3707198,8288,1.0
244,453,27281,248810,3707105,8288,1.0
245,453,27281,248956,3710934,8288,1.0
246,453,37559,335500,5733733,10950,1.0
247,453,37559,335005,5720927,10952,1.0
248,453,37559,335005,5726815,10950,0.54
249,453,37559,335208,5722356,10952,1.0
250,453,37559,335208,5733220,10950,0.7
251,453,37559,334975,5722656,10950,1.0
252,453,37559,334674,5707762,10952,1.0
253,453,37559,334674,5724501,10950,0.94
254,453,37559,335341,5724977,10952,1.0
255,453,37559,335341,5732620,10950,0.83
256,453,37562,334993,5733889,10949,1.0
257,453,37562,334993,5735082,10948,0.26
258,453,37562,333489,5721735,10948,1.0
259,453,37562,333726,5681867,10948,1.0
260,453,37562,334086,5733635,10949,1.0
261,453,37562,333660,5684168,10948,1.0
262,453,37562,334067,5730945,10948,1.0
263,453,37562,334031,5723849,10948,1.0
264,453,37562,334031,5734382,10949,1.0
265,453,37562,334039,5727332,10949,1.0
266,453,37488,337208,5781671,10806,1.0
267,453,37488,337208,5788792,10777,0.91
268,453,37488,337273,5787820,10777,1.0
269,453,37488,337584,5786914,10806,1.0
270,453,37488,337584,5788096,10777,1.0
271,453,37488,337584,5788663,10806,0.93
272,453,37488,336991,5787325,10777,1.0
273,453,37488,337043,5769723,10806,1.0
274,453,37488,337043,5771628,10777,0.79
275,453,37488,337563,5786571,10777,1.0
276,453,37488,333326,5720558,10777,1.0
277,453,27178,245757,3652112,8258,1.0
278,453,27178,245772,3651612,8258,1.0
279,453,27178,245787,3655166,8258,1.0
280,453,27178,245732,3638506,8258,1.0
281,453,27178,245780,3652013,8258,1.0
282,453,37543,340341,5887792,10887,1.0
283,453,37543,340931,5888446,10916,1.0
284,453,37543,342168,5907469,10887,1.0
285,453,37543,341883,5898315,10887,1.0
286,453,37543,340334,5877045,10916,1.0
287,453,37543,340337,5881700,10916,1.0
288,453,37543,339955,5906636,10887,1.0
289,453,37487,337394,5781121,10807,1.0
290,453,37487,337394,5782907,10804,0.95
291,453,37487,337394,5783893,10807,1.0
292,453,37487,336990,5766804,10804,1.0
293,453,37487,337183,5776462,10807,1.0
294,453,37487,337264,5780711,10804,1.0
295,453,37487,337608,5787830,10804,1.0
296,453,37487,331780,5647812,10804,1.0
297,453,37487,331780,5704494,10807,1.0
298,453,37487,331780,5743312,10804,0.87
299,453,37487,331780,5773930,10807,1.0
300,453,37487,337482,5787969,10807,1.0
301,453,37489,335836,5740774,10779,1.0
302,453,37489,336566,5755594,10776,1.0
303,453,37489,336566,5786143,10779,0.27
304,453,37489,337560,5786060,10779,1.0
305,453,37489,337560,5786675,10776,1.0
306,453,37489,335926,5786968,10779,1.0
307,453,37489,335900,5741299,10779,1.0
308,453,37489,336816,5785693,10776,1.0
309,453,37489,336569,5787125,10776,1.0
310,453,37489,335864,5740636,10779,1.0
311,453,37489,336811,5778679,10779,1.0
312,453,37489,336738,5770948,10776,1.0
313,453,37489,336738,5784840,10779,0.83
314,453,27372,250115,3742103,8160,1.0
315,453,27372,249497,3739174,8160,1.0
316,453,27372,249285,3739702,8160,1.0
317,453,27372,249288,3724824,8160,1.0
318,453,27372,249288,3734201,8136,0.57
319,453,27372,249288,3735603,8160,0.86
320,453,27372,249288,3737053,8136,0.88
321,453,27372,249288,3742136,8160,0.97
322,453,27372,249221,3720485,8160,1.0
323,453,27372,249221,3726436,8136,0.97
324,453,27372,249504,3741893,8160,1.0
325,453,40153,360425,6377077,10734,1.0
326,453,40153,360425,6396553,10709,0.91
327,453,40153,360425,6418708,10734,1.0
328,453,40153,360425,6425573,10709,1.0
329,453,40153,361282,6414071,10709,1.0
330,453,40153,363352,6427316,10734,1.0
331,453,40153,363163,6422095,10734,1.0
332,453,40153,363237,6424973,10709,1.0
333,453,40153,362697,6419320,10709,1.0
334,453,40153,363354,6427344,10709,1.0
335,453,40153,362343,6414083,10709,1.0
336,453,40153,362612,6415223,10709,1.0
337,453,40153,362612,6415875,10734,0.91
338,453,27392,247507,3678008,8222,1.0
339,453,27392,250411,3754256,8227,1.0
340,453,27392,250478,3756252,8227,1.0
341,453,27392,250170,3750775,8227,1.0
342,453,27392,250333,3752738,8227,1.0
343,453,27086,245367,3628572,7804,1.0
344,453,27086,244272,3619386,7808,1.0
345,453,27086,245194,3626618,7804,1.0
346,453,27086,244273,3624958,7804,1.0
347,453,27086,245320,3626598,7808,1.0
348,453,27086,245321,3626951,7804,1.0
349,453,27086,245190,3626368,7804,1.0
350,453,27086,244079,3616419,7804,1.0
351,453,27245,245921,3642098,8191,1.0
352,453,27245,245921,3681992,8167,1.0
353,453,27245,248146,3692708,8167,1.0
354,453,27245,245966,3642912,8191,1.0
355,453,27245,247713,3684143,8167,1.0
356,453,27245,248035,3690158,8167,1.0
357,453,27245,247791,3688766,8167,1.0
358,453,27245,248143,3692641,8167,1.0
359,453,37490,337568,5786972,10805,1.0
360,453,37490,337335,5786659,10802,1.0
361,453,37490,335936,5745262,10802,1.0
362,453,37490,335936,5754343,10805,0.73
363,453,37490,335936,5787216,10802,1.0
364,453,37490,336539,5765710,10802,1.0
365,453,37490,336539,5774508,10805,0.96
366,453,37490,336539,5778328,10802,0.95
367,453,37490,337066,5772495,10802,1.0
368,453,37490,337066,5778823,10805,0.84
369,453,37490,337066,5780987,10802,1.0
370,453,37490,337605,5787953,10802,1.0
371,453,38479,368633,6549996,10604,1.0
372,453,38479,369259,6566866,10629,1.0
373,453,38479,369259,6567267,10604,0.12
374,453,38479,369259,6607086,10629,0.56
375,453,38479,369090,6562009,10629,1.0
376,453,38479,369090,6567558,10604,0.21
377,453,38479,368687,6558901,10604,1.0
378,453,27374,249560,3741353,8158,1.0
379,453,27374,249371,3736751,8158,1.0
380,453,27374,249561,3741929,8158,1.0
381,453,27374,249402,3742048,8158,1.0
382,453,27374,249203,3719115,8158,1.0
383,453,27374,249203,3722744,8135,0.88
384,453,27374,249203,3734776,8158,1.0
385,453,27374,249275,3731453,8158,1.0
386,453,27374,249375,3741837,8158,1.0
387,453,27374,249374,3742079,8158,1.0
388,453,27374,249277,3731562,8158,1.0
389,453,37486,335164,5788624,10808,1.0
390,453,37486,335164,5788891,10801,0.6
391,453,37486,335164,5788964,10808,0.97
392,453,37486,337680,5789093,10808,1.0
393,453,37486,335191,5786599,10808,1.0
394,453,37486,335191,5788500,10801,0.89
395,453,37486,335183,5786194,10801,1.0
396,453,37486,335192,5786677,10808,1.0
397,453,37486,335192,5788585,10801,0.86
398,453,37486,335111,5774328,10808,1.0
399,453,37486,335197,5788895,10808,1.0
400,453,37486,335197,5789117,10801,1.0
401,453,37486,334676,5765826,10808,1.0
402,453,37486,334676,5766040,10801,1.0
403,453,37486,335162,5779309,10808,1.0
404,453,37486,335196,5786185,10808,1.0
405,453,37486,335112,5778187,10808,1.0
406,453,37486,335184,5786766,10801,1.0
407,453,37524,337861,5795326,10880,1.0
408,453,37524,338033,5802572,10880,1.0
409,453,37524,336428,5750134,4600,1.0
410,453,37524,336428,5751779,10880,1.0
411,453,37524,336428,5801633,4600,0.94
412,453,37524,337930,5801328,4600,1.0
413,453,37524,338204,5809701,4600,1.0
414,453,37524,338027,5803695,4600,1.0
415,453,27249,247656,3689463,8190,1.0
416,453,27249,247656,3690140,8187,1.0
417,453,27249,247662,3685894,8190,1.0
418,453,27249,248158,3692621,8187,1.0
419,453,27249,248122,3691840,8187,1.0
420,453,27249,247578,3692089,8187,1.0
421,453,27249,247445,3677600,8187,1.0
422,453,27249,247445,3678750,8190,1.0
423,453,40154,363366,6427751,10712,1.0
424,453,40154,363078,6426909,10713,1.0
425,453,40154,363368,6427692,10712,1.0
426,453,40154,362464,6424574,10713,1.0
427,453,40154,361051,6384508,10712,1.0
428,453,40154,362736,6425095,10713,1.0
429,453,40154,361556,6397474,10713,1.0
430,453,40155,363350,6427244,10733,1.0
431,453,40155,362750,6419488,10735,1.0
432,453,40155,362750,6420982,10733,0.99
433,453,40155,362750,6427497,10735,1.0
434,453,40155,361136,6408807,10733,1.0
435,453,40155,361136,6424954,10735,0.83
436,453,40155,363229,6423535,10735,1.0
437,453,40155,362378,6413082,10733,1.0
438,453,40155,363347,6427668,10735,1.0
439,453,40155,363361,6427559,10733,1.0
440,453,40155,362626,6415805,10733,1.0
441,453,40155,362626,6426648,10735,0.93
442,453,40155,363211,6427448,10735,1.0
443,453,27389,250033,3750111,8203,1.0
444,453,27389,250457,3755994,8225,1.0
445,453,27389,250479,3756308,8203,1.0
446,453,27389,249913,3735941,8203,1.0
447,453,27389,249913,3737028,8225,1.0
448,453,27389,249913,3742315,8203,1.0
449,453,27389,250377,3753407,8203,1.0
450,453,27389,249929,3736803,8203,1.0
451,453,27389,249929,3737044,8225,1.0
452,453,27389,250187,3751256,8203,1.0
453,453,27389,250187,3756548,8225,0.69
454,453,38481,368960,6566190,10632,1.0
455,453,38481,368960,6624293,10607,0.58
456,453,38481,368968,6624340,10607,1.0
457,453,38481,368973,6624408,10607,1.0
458,453,38481,368955,6624122,10607,1.0
459,453,38481,368944,6554774,10632,1.0
460,453,38481,368944,6619546,10607,-0.0
461,453,38481,368708,6555037,10632,1.0
462,453,38481,368708,6555439,10607,0.89
463,453,38481,368964,6624329,10607,1.0
464,453,37485,337017,5767321,10780,1.0
465,453,37485,337017,5786064,10783,1.0
466,453,37485,336073,5742947,10803,1.0
467,453,37485,336073,5762590,10783,0.81
468,453,37485,336905,5769786,10780,1.0
469,453,37485,336905,5778146,10783,0.4
470,453,37485,336068,5742846,10803,1.0
471,453,37485,336068,5744164,10780,0.74
472,453,37485,336068,5762243,10783,0.96
473,453,37485,336889,5773213,10803,1.0
474,453,37485,336889,5783504,10783,0.59
475,453,37485,336904,5769363,10803,1.0
476,453,37485,336901,5772886,10803,1.0
477,453,37485,336901,5773896,10783,0.38
478,453,37485,336081,5743213,10803,1.0
479,453,37485,336081,5764247,10783,0.74
480,453,37485,336909,5780251,10803,1.0
481,453,37485,336910,5785739,10780,1.0
482,453,37485,336099,5743537,10803,1.0
483,453,37485,336099,5763573,10783,0.73
484,453,37485,337404,5783906,10783,1.0
485,453,37485,336082,5743736,10780,1.0
486,453,37485,336082,5763169,10783,0.93
487,453,37485,336902,5776570,10803,1.0
488,453,37485,337405,5784803,10783,1.0
489,453,37485,337520,5788087,10780,1.0
490,453,27283,248009,3709657,8290,1.0
491,453,27283,248223,3706220,8290,1.0
492,453,27283,248374,3717202,8290,1.0
493,453,27283,248101,3691765,8290,1.0
494,453,27283,248263,3714725,8290,1.0
495,453,27283,248385,3714913,8290,1.0
496,453,27283,248395,3712339,8290,1.0
497,453,27283,248153,3693535,8290,1.0
498,453,27283,248225,3704098,8290,1.0
499,453,38480,361599,6398160,10633,1.0
500,453,38480,361668,6606487,10633,1.0
501,453,38480,361668,6617177,10635,0.96
502,453,38480,361601,6397596,10633,1.0
503,453,38480,361696,6606605,10633,1.0
504,453,38480,361600,6398275,10633,1.0
505,453,38480,368842,6579004,10633,1.0
506,453,38480,368842,6625545,10635,0.25
507,453,38480,361614,6578117,10633,1.0
508,453,38480,361606,6397763,10633,1.0
509,453,38480,361705,6606780,10633,1.0
510,453,38480,368823,6607008,10633,1.0
511,453,38480,368823,6617471,10635,1.0
512,453,27388,248230,3694275,8223,1.0
513,453,27388,249209,3719326,8223,1.0
514,453,27388,250244,3751260,8224,1.0
515,453,27388,250325,3752950,8223,1.0
516,453,27388,250325,3754043,8224,0.9
517,453,27388,250373,3753624,8224,1.0
518,453,27388,250484,3756303,8223,1.0
519,453,37540,341081,5884554,10915,1.0
520,453,37540,341081,5889252,10883,0.62
521,453,37540,341081,5899612,10915,0.85
522,453,37540,341099,5885021,10915,1.0
523,453,37540,341099,5889457,10883,0.89
524,453,37540,340950,5881203,10915,1.0
525,453,37540,340950,5898824,10883,0.68
526,453,37540,340599,5880515,10915,1.0
527,453,37540,340599,5881617,10883,0.87
528,453,37540,340599,5897129,10915,0.97
529,453,37540,340945,5883042,10915,1.0
530,453,37540,340413,5870213,10883,1.0
531,453,37540,340413,5874868,10915,0.94
532,453,27247,244962,3635852,8194,1.0
533,453,27247,245575,3635932,8194,1.0
534,453,27247,245603,3687151,8194,1.0
535,453,27247,247600,3690251,8194,1.0
536,453,27247,245598,3685203,8194,1.0
537,453,27247,248025,3690336,8194,1.0
538,453,27247,245574,3635913,8194,1.0
539,453,27247,245585,3683487,8194,1.0
540,453,27247,245578,3635962,8194,1.0
541,453,27247,247605,3692327,8194,1.0
542,453,27247,248114,3692357,8194,1.0
543,453,27247,248021,3690739,8194,1.0
544,453,27247,245584,3683423,8194,1.0
545,453,27247,248140,3692306,8194,1.0
546,453,27247,247585,3679521,8195,1.0
547,453,27247,247585,3682017,8194,1.0
548,453,27247,245604,3687181,8194,1.0
549,453,27247,245587,3683508,8194,1.0
550,453,27247,245573,3635896,8194,1.0
551,453,27247,247783,3689224,8194,1.0
552,453,38628,368295,6537507,10752,1.0
553,453,38628,364003,6529592,10752,1.0
554,453,38628,368189,6534866,10752,1.0
555,453,38628,363988,6442681,10752,1.0
556,453,38628,368269,6536355,10752,1.0
557,453,38628,368137,6532264,10752,1.0
558,453,38628,368339,6540740,10752,1.0
559,453,38628,368339,6550263,10751,0.96
560,453,37523,333940,5774498,10875,1.0
561,453,37523,333940,5779542,10874,0.91
562,453,37523,333940,5790380,10875,1.0
563,453,37523,333940,5796927,10874,1.0
564,453,37523,333940,5804037,10875,0.96
565,453,37523,338226,5810987,10875,1.0
566,453,37523,338065,5805427,10874,1.0
567,453,37523,333986,5794342,10875,1.0
568,453,37523,333986,5802565,10874,0.23
569,453,37523,335464,5805855,10875,1.0
570,453,37523,337737,5806258,10875,1.0
571,453,37541,339353,5871081,10882,1.0
572,453,37541,340474,5888626,10913,1.0
573,453,37541,340474,5907042,10882,0.78
574,453,37541,339358,5870452,10882,1.0
575,453,37541,340670,5882740,10913,1.0
576,453,37541,341009,5888631,10913,1.0
577,453,37541,340512,5906482,10882,1.0
578,453,37541,340104,5871119,10882,1.0
579,453,37541,340303,5888712,10913,1.0
580,453,37541,340106,5885096,10913,1.0
581,453,37541,340363,5888250,10913,1.0
582,453,37541,340363,5906206,10882,1.0
583,453,37541,342166,5906197,10882,1.0
584,453,27068,244418,3603319,7743,1.0
585,453,27068,244858,3615203,7743,1.0
586,453,27085,239118,3628431,7783,1.0
587,453,27085,244478,3616801,7783,1.0
588,453,27085,239092,3623545,7783,1.0
589,453,27085,239104,3626227,7783,1.0
590,453,38557,367159,6575397,10675,1.0
591,453,38557,367159,6578884,10678,1.0
592,453,38557,367159,6596818,10675,0.6
593,453,38557,367115,6499272,10675,1.0
594,453,38557,367115,6552561,10678,0.97
595,453,38557,367148,6597379,10675,1.0
596,453,38557,368854,6554693,10678,1.0
597,453,38557,368854,6556611,10675,0.77
598,453,38557,367143,6501260,10675,1.0
599,453,38557,367143,6555304,10678,1.0
600,453,38557,367143,6597705,10675,0.5
601,453,38557,368829,6579897,10675,1.0
602,453,38557,367125,6583455,10675,1.0
603,453,38557,367163,6596564,10675,1.0
604,453,38477,366582,6562547,10630,1.0
605,453,38477,369713,6578939,10630,1.0
606,453,38477,369230,6565557,10630,1.0
607,453,38477,369645,6579106,10628,1.0
608,453,38477,369452,6579039,10628,1.0
609,453,38477,369715,6579016,10630,1.0
610,453,38477,369395,6572587,10630,1.0
611,453,27371,250081,3739970,4013,1.0
612,453,27371,250120,3742052,8137,1.0
613,453,27371,249425,3741534,4013,1.0
614,453,27371,250107,3741190,4013,1.0
615,453,27371,250113,3741855,8137,1.0
616,453,27371,250113,3742125,4013,1.0
617,453,27371,250096,3741090,4013,1.0
618,453,27371,250119,3741912,4013,1.0
619,453,27371,249205,3741506,4013,1.0
620,453,27284,248157,3692714,8287,1.0
621,453,27284,249076,3714289,4992,1.0
622,453,27284,248817,3707326,4992,1.0
623,453,27284,248987,3711435,4992,1.0
624,453,27284,248783,3703528,4992,1.0
625,453,27284,248758,3700454,4992,1.0
626,453,27177,245974,3655255,8254,1.0
627,453,27177,245538,3635091,8255,1.0
628,453,27177,245538,3651188,8254,0.76
629,453,27177,245977,3643203,8254,1.0
630,453,27177,245534,3646643,8254,1.0
631,453,27177,245753,3638668,8255,1.0
632,453,27177,245753,3655098,8254,0.62
633,453,27177,245527,3634636,8255,1.0
634,453,27177,245527,3643231,8254,1.0
635,453,27177,245739,3651697,8254,1.0
636,453,27177,245979,3655444,8254,1.0
637,453,38559,369755,6582530,10696,1.0
638,453,38559,368468,6568883,10696,1.0
639,453,38559,369964,6595416,10696,1.0
640,453,38559,369402,6586156,10696,1.0
641,453,38559,369402,6587476,10697,0.84
642,453,38559,369960,6594431,10696,1.0
643,453,38559,369918,6591014,10696,1.0
644,453,38559,369884,6587695,10696,1.0
645,453,27083,244436,3626236,7779,1.0
646,453,27083,244372,3622249,7779,1.0
647,453,27083,244528,3629154,7779,1.0
648,453,27083,245300,3626980,7779,1.0
649,453,37525,338032,5802334,10873,1.0
650,453,37525,338188,5810525,10873,1.0
651,453,37525,338225,5811286,10858,1.0
652,453,37525,337860,5801961,10873,1.0
653,453,37525,336790,5792754,10858,1.0
654,453,37525,338001,5803500,10858,1.0
655,453,37525,337736,5803741,10858,1.0
656,453,37525,338231,5810965,10873,1.0
657,453,27066,244638,3615170,7714,1.0
658,453,27066,244704,3607251,7714,1.0
659,453,27066,244729,3614672,7714,1.0
660,453,27066,244676,3616847,7714,1.0
661,453,27066,244687,3617154,7714,1.0
662,453,27066,244608,3606026,7714,1.0
663,453,27066,244608,3607473,7739,1.0
664,453,27066,244645,3616784,7714,1.0
665,453,27066,244095,3605569,7739,1.0
666,453,27066,244095,3605738,7714,1.0
667,453,27066,244670,3617097,7714,1.0
668,453,27065,244595,3616837,7738,1.0
669,453,27065,244615,3617060,7737,1.0
670,453,27065,244545,3615699,7738,1.0
671,453,27065,244515,3608858,7738,1.0
672,453,27065,244567,3615564,7738,1.0
673,453,27065,244567,3616318,7737,0.76
674,453,27065,244548,3616395,7738,1.0
675,453,27065,244576,3616612,7738,1.0
676,453,27065,244520,3607337,7738,1.0
677,453,27065,244516,3607290,7738,1.0
678,453,38630,368120,6546602,10770,1.0
679,453,38630,368569,6547708,10770,1.0
680,453,38630,368090,6531484,10770,1.0
681,453,38630,364058,6531449,10770,1.0
682,453,38630,368154,6541751,10770,1.0
683,453,38630,368275,6547363,10770,1.0
684,453,38630,368305,6546413,10770,1.0
685,453,27373,249370,3728565,8130,1.0
686,453,27373,249979,3741690,8130,1.0
687,453,27373,250116,3741995,8130,1.0
688,453,27373,249318,3741196,8130,1.0
689,453,27373,249387,3725699,8130,1.0
690,453,27373,249883,3741285,8130,1.0
691,453,27373,249932,3741644,8130,1.0
692,453,27373,250126,3742281,8130,1.0
693,453,38629,367607,6534716,10746,1.0
694,453,38629,367607,6537625,10750,0.76
695,453,38629,366440,6493292,10750,1.0
696,453,38629,366089,6532583,10746,1.0
697,453,38629,367548,6541030,10746,1.0
698,453,38629,367548,6541190,10750,0.97
699,453,38629,367549,6541219,10746,1.0
700,453,38629,361200,6387243,10746,1.0
701,453,38629,361200,6520075,10750,0.98
702,453,38629,361200,6520953,10746,0.98
703,453,38629,366563,6534527,10746,1.0
704,453,38629,366563,6537575,10750,1.0
705,453,38629,366563,6538218,10746,0.78
706,453,38629,367538,6538767,10746,1.0
707,453,27248,247816,3688999,8192,1.0
708,453,27248,246546,3658662,8192,1.0
709,453,27248,247667,3682375,8192,1.0
710,453,27248,248132,3692411,8192,1.0
711,453,27248,247699,3685555,8192,1.0
712,453,27248,248049,3690523,8192,1.0
713,453,37521,334233,5810150,10872,1.0
714,453,37521,334233,5811151,10851,1.0
715,453,37521,332360,5796071,10872,1.0
716,453,37521,332360,5809917,10851,1.0
717,453,37521,334220,5806497,10872,1.0
718,453,37521,334220,5811225,10851,1.0
719,453,37521,332367,5809895,10851,1.0
720,453,37521,332367,5811034,10872,0.84
721,453,37521,332367,5811281,10851,1.0
722,453,37521,334311,5808724,10851,1.0
723,453,37521,331665,5656028,10872,1.0
724,453,37521,331665,5674159,10851,0.91
725,453,37521,331665,5693642,10872,0.99
726,453,37521,331665,5698938,10851,0.97
727,453,37521,331665,5793483,10872,1.0
728,453,37521,331665,5808623,10851,1.0
729,453,27084,241192,3629085,7805,1.0
730,453,27084,241717,3626795,7805,1.0
731,453,27084,244636,3628766,7805,1.0
732,453,27084,244636,3629070,7803,0.16
733,453,27084,244636,3629614,7805,0.99
734,453,27084,244636,3630000,7803,0.84
735,453,27084,241660,3605913,7805,1.0
736,453,27084,241660,3617963,7803,0.97
737,453,27067,244878,3617000,7711,1.0
738,453,27067,244667,3606744,7741,1.0
739,453,27067,244667,3608600,7711,1.0
740,453,27067,244808,3612560,7711,1.0
741,453,27067,244887,3617063,7711,1.0
742,453,27067,243857,3610757,7711,1.0
743,453,27067,244798,3610163,7711,1.0
744,453,27067,244673,3606852,7741,1.0
745,453,27067,244673,3608598,7711,1.0
746,453,27067,244684,3606871,7741,1.0
747,453,27067,244684,3608606,7711,1.0
748,453,27067,244685,3606896,7741,1.0
749,453,27067,244685,3608609,7711,1.0
750,453,27246,247993,3688737,8193,1.0
751,453,27246,247842,3690095,8193,1.0
752,453,27246,248044,3690581,8193,1.0
753,453,27246,247775,3685751,8193,1.0
754,453,27246,248152,3692600,8193,1.0
755,453,38631,367653,6520347,10773,1.0
756,453,38631,367653,6523969,10774,0.87
757,453,38631,367653,6529100,10773,0.99
758,453,38631,368495,6547299,10774,1.0
759,453,38631,368192,6536454,10774,1.0
760,453,38631,368401,6543555,10773,1.0
761,453,38631,368346,6543404,10773,1.0
762,453,38631,368346,6546104,10774,1.0
763,453,38631,368099,6529879,10774,1.0
764,453,38631,368334,6540737,10774,1.0
765,453,38631,367778,6529148,10773,1.0
766,453,38631,368333,6540768,10774,1.0
767,453,27179,245877,3654895,8259,1.0
768,453,27179,245982,3643285,8257,1.0
769,453,27179,245982,3654526,8259,0.51
770,453,27179,246346,3654512,8259,1.0
771,453,27179,245889,3654977,8259,1.0
772,453,27179,245896,3655019,8259,1.0
773,453,27179,245837,3648646,8259,1.0
774,453,37561,334528,5732908,10918,1.0
775,453,37561,334452,5726968,10951,1.0
776,453,37561,334488,5728292,10918,1.0
777,453,37561,334522,5731270,10951,1.0
778,453,37561,334537,5735675,10918,1.0
779,453,37561,334309,5700682,10951,1.0
780,453,37560,335469,5734132,10921,1.0
781,453,37560,335628,5734891,10921,1.0
782,453,37560,333701,5718514,10926,1.0
783,453,37560,333701,5718735,10921,0.99
784,453,37560,333701,5720461,10926,0.94
785,453,37560,335639,5735280,10926,1.0
786,453,37560,335473,5732347,10926,1.0
787,453,37560,335451,5734838,10921,1.0
788,453,37560,332465,5660695,10926,1.0
789,453,37560,332465,5719155,10921,1.0
790,453,37560,335331,5728670,10926,1.0
791,453,27282,248964,3710187,8264,1.0
792,453,27282,248807,3704930,8264,1.0
793,453,27282,249130,3716224,8264,1.0
794,453,27282,248803,3704838,8264,1.0
795,453,27282,248995,3714357,8264,1.0
796,453,27282,247704,3684791,8286,1.0
797,453,27282,247704,3705414,8264,0.94
798,453,27282,248970,3709506,8264,1.0
799,453,27370,250114,3741664,8161,1.0
800,453,27370,249334,3723238,8161,1.0
801,453,27370,249452,3738997,8161,1.0
802,453,27370,249493,3742236,8161,1.0
803,453,27370,249320,3722198,8161,1.0
804,453,37522,336377,5805490,10877,1.0
805,453,37522,336381,5808796,10877,1.0
806,453,37522,335552,5748031,10871,1.0
807,453,37522,335552,5754118,10877,1.0
808,453,37522,335552,5796694,10871,1.0
809,453,37522,335646,5796039,10877,1.0
810,453,37522,335646,5798244,10871,0.65
811,453,37522,336327,5807802,10871,1.0
812,453,27280,247988,3717250,8285,1.0
813,453,27280,248145,3702428,8285,1.0
814,453,27280,248423,3717488,8285,1.0
815,453,27280,248405,3696995,3994,1.0
816,453,27280,248405,3711668,8285,0.54
817,453,27280,248373,3696743,3994,1.0
818,453,27280,248373,3707750,8285,0.91
819,453,27280,248412,3697199,3994,1.0
820,453,27280,248412,3714451,8285,0.77
821,453,27063,244799,3610199,7712,1.0
822,453,27063,242170,3608428,7712,1.0
823,453,27063,244877,3615018,7712,1.0
824,453,27063,244814,3612396,7712,1.0
825,453,27063,244941,3616962,7712,1.0
826,453,27063,244905,3616881,7712,1.0
827,453,27391,249623,3757029,8226,1.0
828,453,27391,249615,3756883,8226,1.0
829,453,27391,249604,3749926,8226,1.0
830,453,27391,249604,3750251,8221,0.75
831,453,27391,249604,3750617,8226,0.78
832,453,27391,249604,3750792,8221,1.0
833,453,27391,249611,3757051,8226,1.0
834,453,27391,249619,3757040,8226,1.0
835,453,27391,249624,3735421,8226,1.0
836,453,27391,249624,3738039,8221,1.0
837,453,27391,249598,3742749,8226,1.0
838,453,27081,242920,3621533,7787,1.0
839,453,27081,239822,3612627,7784,1.0
840,453,27081,244873,3628863,7787,1.0
841,453,27081,243012,3625611,7787,1.0
842,453,27081,244883,3628933,7787,1.0
843,453,27081,243011,3623638,7787,1.0
844,453,27081,243011,3623808,7784,0.99
845,453,27081,243011,3625802,7787,0.73
846,453,27081,242919,3621542,7787,1.0
847,453,27081,241830,3625837,7787,1.0
848,453,38521,365132,6516641,10663,1.0
849,453,38521,363933,6511734,10663,1.0
850,453,38521,363796,6500063,10663,1.0
851,453,38521,363914,6506768,10663,1.0
852,453,38521,363571,6430774,10663,1.0
853,453,38521,363571,6455446,10664,1.0
854,453,38521,363962,6514651,10663,1.0
855,453,38478,369184,6563173,10631,1.0
856,453,38478,369707,6579104,10631,1.0
857,453,38478,369632,6578743,10631,1.0
858,453,38478,368669,6549873,10610,1.0
859,453,38478,368669,6552152,10631,0.84
860,453,38478,369261,6568853,10631,1.0
861,453,38478,369638,6578903,10631,1.0
862,453,38556,369804,6595112,10701,1.0
863,453,38556,369957,6597657,10701,1.0
864,453,38556,369739,6580196,10700,1.0
865,453,38556,368848,6586586,10700,1.0
866,453,38556,369759,6583025,10700,1.0
867,453,38556,369759,6584258,10701,0.83
868,453,38556,369759,6585105,10700,1.0
869,453,38556,369759,6597770,10701,0.9
870,453,38556,366682,6522083,10701,1.0
871,453,38556,366682,6552785,10700,0.99
872,453,38556,366682,6582102,10701,0.99
873,453,38556,369878,6586777,10700,1.0
874,453,38556,369878,6587312,10701,0.83
875,453,38556,369878,6588708,10700,0.76
876,453,38556,369878,6597337,10701,0.69
877,453,38522,366140,6513477,10666,1.0
878,453,38522,366166,6516702,10666,1.0
879,453,38522,366159,6516454,10666,1.0
880,453,38522,366088,6501504,10666,1.0
881,453,38522,366116,6500129,10666,1.0
882,453,38522,366128,6508614,10666,1.0
883,1376,34843,313544,5188566,10400,1.0
884,1376,34843,313544,5318353,10387,1.0
885,1376,34843,313544,5322670,10382,0.99
886,1376,34843,313544,5322705,10400,1.0
887,1376,34843,325259,5480420,10387,1.0
888,1376,34843,325259,5543663,10384,0.8
889,1376,34843,313676,5323367,10400,1.0
890,1376,34843,313676,5480264,10384,1.0
891,1376,34843,313676,5503696,10382,1.0
892,1376,34843,317581,5480317,10384,1.0
893,1376,34843,326302,5503977,10382,1.0
894,1376,34843,326302,5504144,10396,1.0
895,1376,34843,326302,5537817,10382,0.83
896,1376,34843,326302,5539280,10396,1.0
897,1376,34843,326302,5543423,10384,1.0
898,1376,34843,313555,5323500,10400,1.0
899,1376,34843,313555,5502910,10384,0.98
900,1376,34843,313555,5552176,10396,1.0
901,1376,34843,312700,5162119,10387,1.0
902,1376,34843,312700,5162412,10384,1.0
903,1376,34843,312700,5199742,10400,0.64
904,1376,34843,312700,5259189,10382,0.99
905,1376,34843,312700,5480653,10400,1.0
906,1376,34843,312700,5503832,10384,0.92
907,1376,34843,312700,5504152,10396,1.0
908,1376,34843,325265,5480726,10387,1.0
909,1376,34843,325265,5480786,10384,0.94
910,1376,34843,310381,5161532,10384,1.0
911,1376,34843,313557,5188921,10400,1.0
912,1376,34843,313557,5259135,10382,0.98
913,1376,34843,313557,5322634,10400,1.0
914,1376,34843,313557,5503526,10384,0.97
915,1376,34843,326327,5504240,10384,1.0
916,1376,34843,328216,5539744,10394,1.0
917,1376,34843,328216,5540207,10382,0.91
918,1376,34843,327891,5532735,10400,1.0
919,1376,34843,325264,5480739,10384,1.0
920,1376,34843,317537,5319320,10384,1.0
921,1376,34843,316482,5294882,10384,1.0
922,1376,34843,316482,5318933,10387,0.88
923,1376,34843,316482,5322973,10382,1.0
924,1376,34843,316482,5480391,10384,0.93
925,1376,34843,316482,5503879,10396,1.0
926,1376,34843,316482,5540226,10382,0.8
927,1376,34843,316482,5543046,10384,0.99
928,1376,34843,313542,5188590,10400,1.0
929,1376,34843,313542,5481122,10384,0.96
930,1376,34843,313540,5188654,10400,1.0
931,1376,34843,312680,5184277,10384,1.0
932,1376,34843,312680,5318324,10387,1.0
933,1376,34843,312680,5322545,10400,0.99
934,1376,34843,325263,5480748,10394,1.0
935,1376,34843,325263,5505979,10384,0.45
936,1376,34843,313551,5322625,10400,1.0
937,1376,34843,313551,5503606,10384,1.0
938,1376,34985,322170,5429000,7430,1.0
939,1376,34985,322170,5430088,11435,1.0
940,1376,34985,322170,5430407,7430,0.99
941,1376,34985,321729,5402701,10996,1.0
942,1376,34985,321729,5428977,11435,1.0
943,1376,34985,321729,5429232,10993,1.0
944,1376,34985,321729,5429738,10996,0.93
945,1376,34985,321729,5430222,11435,1.0
946,1376,34985,321729,5431350,10996,1.0
947,1376,34985,321729,5431393,10993,0.81
948,1376,34985,321729,5431494,10996,1.0
949,1376,34985,321729,5437889,7430,1.0
950,1376,34985,322179,5431126,10996,1.0
951,1376,34985,322179,5437913,7430,0.99
952,1376,34985,322220,5431348,10993,1.0
953,1376,34985,321731,5403126,10993,1.0
954,1376,34985,321731,5429147,7430,1.0
955,1376,34985,322171,5429009,7430,1.0
956,1376,34985,322171,5430095,11435,1.0
957,1376,34985,322171,5430412,7430,0.99
958,1376,34985,322185,5431379,7430,1.0
959,1376,34985,322172,5429036,7430,1.0
960,1376,34985,322172,5430259,11435,1.0
961,1376,34985,322218,5431339,10993,1.0
962,1376,34985,321694,5402567,10993,1.0
963,1376,34985,322287,5431366,10993,1.0
964,1376,34985,322167,5429619,10996,1.0
965,1376,34985,322167,5431255,7430,1.0
966,1376,34985,322211,5429864,10996,1.0
967,1376,34985,322279,5431210,7430,1.0
968,1376,34985,322247,5430730,7430,1.0
969,1376,34754,313896,5290287,10424,1.0
970,1376,34754,313925,5288869,10424,1.0
971,1376,34754,313935,5291669,10424,1.0
972,1376,34754,310877,5127516,10430,1.0
973,1376,34754,313924,5201381,10424,1.0
974,1376,34754,313927,5288960,10424,1.0
975,1376,34754,316398,5290913,10423,1.0
976,1376,34754,316398,5291045,10424,1.0
977,1376,34754,316398,5312148,10423,0.62
978,1376,34754,316382,5291992,10424,1.0
979,1376,34754,316382,5313122,10430,0.87
980,1376,34754,313928,5201457,10424,1.0
981,1376,34754,316417,5291945,10424,1.0
982,1376,34715,321924,5437401,10531,1.0
983,1376,34715,321924,5438261,10541,1.0
984,1376,34715,321924,5451873,10531,0.86
985,1376,34715,321924,5468404,10541,0.99
986,1376,34715,322567,5436612,10537,1.0
987,1376,34715,322567,5503101,10540,0.74
988,1376,34715,322531,5436441,10537,1.0
989,1376,34715,322531,5438094,10541,1.0
990,1376,34715,323309,5450996,10527,1.0
991,1376,34715,323309,5463672,10531,0.96
992,1376,34715,323309,5468418,10541,1.0
993,1376,34715,323309,5481069,10527,1.0
994,1376,34715,323309,5483501,10537,0.98
995,1376,34715,312475,5155559,10541,1.0
996,1376,34715,312475,5306856,10540,1.0
997,1376,34715,312475,5315632,10541,1.0
998,1376,34715,312475,5483369,10537,0.8
999,1376,34715,312475,5502962,10540,0.93
1000,1376,34715,322162,5436665,10537,1.0
1001,1376,34715,322162,5444687,10541,0.99
1002,1376,34715,322162,5450490,10527,0.92
1003,1376,34715,322162,5482900,10541,0.98
1004,1376,34715,326300,5503450,10540,1.0
1005,1376,34715,322126,5428344,10537,1.0
1006,1376,34715,322126,5449461,10527,0.99
1007,1376,34715,322126,5482875,10541,1.0
1008,1376,34715,322183,5436923,10537,1.0
1009,1376,34715,322183,5438201,10541,1.0
1010,1376,34715,322183,5438689,10540,1.0
1011,1376,34715,322183,5459961,10541,1.0
1012,1376,34715,322183,5476448,10540,1.0
1013,1376,34715,322183,5482985,10541,0.87
1014,1376,34715,322183,5483471,10537,1.0
1015,1376,34715,326291,5503232,10540,1.0
1016,1376,34715,317354,5436953,10537,1.0
1017,1376,34715,317354,5482957,10541,1.0
1018,1376,34715,322572,5436831,10537,1.0
1019,1376,34715,322572,5438630,10540,0.99
1020,1376,34715,322572,5444648,10541,1.0
1021,1376,34715,322572,5450554,10527,1.0
1022,1376,34715,322572,5476320,10540,1.0
1023,1376,34715,312436,5438481,10541,1.0
1024,1376,34715,312436,5479216,10527,0.94
1025,1376,34715,312436,5482853,10541,0.99
1026,1376,34715,322729,5451170,10540,1.0
1027,1376,34715,322729,5467485,10541,1.0
1028,1376,34715,322729,5476452,10540,0.8
1029,1376,34715,322729,5483478,10537,1.0
1030,1376,34715,322165,5428904,10537,1.0
1031,1376,34715,322165,5438163,10541,0.94
1032,1376,34856,327499,5529135,10499,1.0
1033,1376,34856,327499,5559425,10513,0.87
1034,1376,34856,327499,5568515,10494,0.99
1035,1376,34856,327499,5577517,10513,0.99
1036,1376,34856,327522,5529105,10499,1.0
1037,1376,34856,327522,5537144,10513,0.41
1038,1376,34856,327795,5553342,10513,1.0
1039,1376,34856,327795,5570878,10494,0.98
1040,1376,34856,327795,5580945,10513,0.99
1041,1376,34856,327795,5581117,10509,0.99
1042,1376,34856,327795,5581137,10513,1.0
1043,1376,34856,327795,5581202,10509,1.0
1044,1376,34856,327795,5581420,10513,1.0
1045,1376,34856,328490,5559747,10513,1.0
1046,1376,34856,328490,5562455,10494,1.0
1047,1376,34856,328490,5577361,7513,1.0
1048,1376,34856,328490,5581438,10513,1.0
1049,1376,34856,327353,5526571,7513,1.0
1050,1376,34856,327353,5540126,10509,1.0
1051,1376,34856,327353,5560554,10494,0.98
1052,1376,34856,310967,5500256,10499,1.0
1053,1376,34856,310967,5525904,7513,0.71
1054,1376,34856,310967,5540121,10509,0.9
1055,1376,34856,310967,5540161,7513,1.0
1056,1376,34856,310967,5552320,10499,1.0
1057,1376,34856,310967,5560427,10494,0.98
1058,1376,34856,327528,5530000,10499,1.0
1059,1376,34856,327528,5568727,10494,0.99
1060,1376,34856,327528,5579852,10509,0.92
1061,1376,34856,327685,5529444,10499,1.0
1062,1376,34856,327330,5526609,10499,1.0
1063,1376,34856,327330,5579465,10509,0.96
1064,1376,34856,327330,5579747,7513,0.89
1065,1376,34856,327330,5581642,10509,0.96
1066,1376,34856,328220,5539830,7513,1.0
1067,1376,34856,328220,5552205,10499,0.98
1068,1376,34856,328220,5560707,10494,0.95
1069,1376,34856,328220,5581053,10509,0.95
1070,1376,34856,328225,5540430,10509,1.0
1071,1376,34856,328225,5546480,10499,1.0
1072,1376,34856,328225,5562540,10494,0.99
1073,1376,34856,328225,5578515,10509,0.99
1074,1376,34856,328271,5540531,10509,1.0
1075,1376,34856,328271,5540554,10513,0.23
1076,1376,34856,328271,5540581,10509,0.78
1077,1376,34856,328271,5551938,10499,1.0
1078,1376,34856,328271,5553602,10513,0.98
1079,1376,34856,328271,5562378,10494,0.99
1080,1376,34856,328271,5580889,10513,1.0
1081,1376,34856,327460,5526620,10499,1.0
1082,1376,34856,327526,5527045,10499,1.0
1083,1376,34856,327526,5537212,10513,0.19
1084,1376,34856,327526,5561860,10494,0.98
1085,1376,34856,310961,5294144,10494,1.0
1086,1376,34856,310961,5499042,10499,1.0
1087,1376,34856,310961,5523710,7513,0.99
1088,1376,34856,310961,5540146,10509,1.0
1089,1376,34856,310961,5564862,10494,1.0
1090,1376,34856,310961,5578564,10509,0.97
1091,1376,34856,310961,5578865,7513,1.0
1092,1376,34856,310961,5579597,10509,1.0
1093,1376,34856,327500,5527292,10499,1.0
1094,1376,34856,327500,5580511,10513,0.81
1095,1376,34856,327500,5580842,10509,1.0
1096,1376,34856,327500,5581549,10513,1.0
1097,1376,34895,311183,5132094,10468,1.0
1098,1376,34895,323629,5490510,10482,1.0
1099,1376,34895,323629,5491953,10486,0.99
1100,1376,34895,323629,5494029,10482,0.88
1101,1376,34895,323629,5560058,10483,0.85
1102,1376,34895,323629,5562107,10469,1.0
1103,1376,34895,323629,5646616,10483,0.77
1104,1376,34895,328797,5570422,10483,1.0
1105,1376,34895,325849,5491988,10482,1.0
1106,1376,34895,325849,5494062,10468,0.48
1107,1376,34895,325849,5494320,10469,0.98
1108,1376,34895,325849,5495166,10479,0.7
1109,1376,34895,325849,5562303,10469,0.98
1110,1376,34895,325849,5563702,10482,0.97
1111,1376,34895,325849,5646812,10483,0.89
1112,1376,34895,323627,5464057,10469,1.0
1113,1376,34895,331676,5646780,10483,1.0
1114,1376,34895,328677,5565449,10483,1.0
1115,1376,34895,332866,5665850,10483,1.0
1116,1376,34895,330588,5617972,10483,1.0
1117,1376,34895,331188,5636496,10483,1.0
1118,1376,34895,331188,5664314,10479,0.99
1119,1376,34895,325854,5491002,10483,1.0
1120,1376,34895,325854,5561802,10469,0.63
1121,1376,34895,316221,5283674,10483,1.0
1122,1376,34895,316221,5562078,10469,0.98
1123,1376,34895,316221,5636435,10482,1.0
1124,1376,34895,316760,5463874,10483,1.0
1125,1376,34895,316760,5490650,10486,0.99
1126,1376,34895,316760,5561618,10469,0.99
1127,1376,34895,325870,5492358,10483,1.0
1128,1376,34895,325870,5492612,10486,1.0
1129,1376,34895,325870,5560370,10483,1.0
1130,1376,34895,325870,5561718,10469,1.0
1131,1376,34895,325870,5604679,10483,0.98
1132,1376,34895,325869,5492630,10468,1.0
1133,1376,34895,325869,5604719,10483,0.1
1134,1376,34895,325847,5490503,10483,1.0
1135,1376,34714,321780,5406730,10520,1.0
1136,1376,34714,321780,5412136,10525,0.52
1137,1376,34714,317251,5313833,10520,1.0
1138,1376,34714,317762,5324875,10520,1.0
1139,1376,34714,316310,5286370,10520,1.0
1140,1376,34714,316310,5287099,10530,0.65
1141,1376,34714,323325,5450385,10520,1.0
1142,1376,34714,317796,5325395,10520,1.0
1143,1376,34714,317796,5446300,10523,0.98
1144,1376,34714,323751,5469738,10520,1.0
1145,1376,34714,323824,5470662,10520,1.0
1146,1376,34714,321752,5404467,10520,1.0
1147,1376,34714,321752,5412210,10525,0.96
1148,1376,34714,321752,5423571,10520,1.0
1149,1376,34714,316789,5302334,10520,1.0
1150,1376,34714,317754,5428290,10520,1.0
1151,1376,34714,317754,5440120,10525,0.94
1152,1376,34714,317754,5451876,10530,1.0
1153,1376,34714,317754,5467408,10525,0.97
1154,1376,34714,317754,5469817,10523,1.0
1155,1376,34714,312451,5155927,10544,1.0
1156,1376,34714,312451,5174604,10520,0.93
1157,1376,34714,312451,5193783,10525,1.0
1158,1376,34714,312451,5207015,10520,0.67
1159,1376,34714,312451,5286738,10530,0.97
1160,1376,34714,323758,5469787,10520,1.0
1161,1376,34714,321960,5426780,10520,1.0
1162,1376,34714,317694,5324543,10520,1.0
1163,1376,34714,317694,5434857,10525,0.89
1164,1376,34714,317694,5451790,10530,1.0
1165,1376,34714,317755,5324843,10520,1.0
1166,1376,34714,323759,5470020,10520,1.0
1167,1376,34714,317679,5324833,10520,1.0
1168,1376,34714,317679,5451826,10530,1.0
1169,1376,34714,314052,5206924,10520,1.0
1170,1376,34714,314052,5287013,10530,1.0
1171,1376,34714,314052,5313164,10525,0.77
1172,1376,34714,314052,5421906,10520,0.94
1173,1376,34714,314052,5451771,10530,1.0
1174,1376,34714,314052,5466885,10525,1.0
1175,1376,34714,314052,5469661,10523,1.0
1176,1376,34714,314052,5470576,10520,1.0
1177,1376,34714,321957,5423854,10520,1.0
1178,1376,34714,321947,5423838,10520,1.0
1179,1376,34714,321947,5437013,10525,1.0
1180,1376,34714,317787,5325324,10520,1.0
1181,1376,34714,323825,5470668,10520,1.0
1182,1376,34714,317768,5324952,10520,1.0
1183,1376,34714,317757,5324861,10520,1.0
1184,1376,34714,317761,5324871,10520,1.0
1185,1376,34714,321955,5423795,10520,1.0
1186,1376,34714,317299,5314693,10520,1.0
1187,1376,34714,314032,5205252,10525,1.0
1188,1376,34714,314032,5287044,10530,0.94
1189,1376,34714,314032,5300746,10525,0.81
1190,1376,34714,314032,5302523,10520,0.97
1191,1376,34714,314032,5302914,10530,0.99
1192,1376,34714,314032,5434590,10525,0.96
1193,1376,34714,314032,5437253,10530,0.97
1194,1376,34714,314032,5466852,10525,0.99
1195,1376,34714,314032,5469654,10523,1.0
1196,1376,34714,320953,5381589,10520,1.0
1197,1376,34714,323752,5469741,10520,1.0
1198,1376,34714,323319,5450217,10520,1.0
1199,1376,34714,322342,5433135,10520,1.0
1200,1376,34714,322342,5445880,10525,0.7
1201,1376,34714,322342,5448877,10523,1.0
1202,1376,34714,317785,5325310,10520,1.0
1203,1376,34714,317795,5418530,10520,1.0
1204,1376,34714,321954,5433117,10520,1.0
1205,1376,34714,321944,5423596,10520,1.0
1206,1376,34714,321944,5467828,10525,0.99
1207,1376,34714,317760,5324870,10520,1.0
1208,1376,34714,317298,5324621,10520,1.0
1209,1376,34714,317298,5434957,10525,0.99
1210,1376,34714,317298,5437628,10530,0.99
1211,1376,34714,323753,5469752,10520,1.0
1212,1376,34714,323318,5450737,10520,1.0
1213,1376,34714,323318,5450925,10530,1.0
1214,1376,34714,323318,5451137,10525,1.0
1215,1376,34714,323318,5469639,10520,1.0
1216,1376,34714,320952,5381581,10520,1.0
1217,1376,34714,317784,5325303,10520,1.0
1218,1376,34714,322343,5433145,10520,1.0
1219,1376,34714,322343,5438498,10525,0.92
1220,1376,34714,322343,5441636,10530,1.0
1221,1376,34714,322343,5443197,10525,0.99
1222,1376,34714,322343,5443624,10530,1.0
1223,1376,34714,322343,5444252,10525,0.99
1224,1376,34714,322343,5445232,10520,0.94
1225,1376,34714,322343,5448883,10523,1.0
1226,1376,34714,322343,5449668,10520,0.81
1227,1376,34714,313104,5174580,10520,1.0
1228,1376,34714,317779,5325307,10520,1.0
1229,1376,34714,317779,5328070,10523,0.99
1230,1376,34714,317756,5324856,10520,1.0
1231,1376,34714,317687,5418280,10520,1.0
1232,1376,34714,317687,5437425,10530,1.0
1233,1376,34714,317687,5445247,10523,1.0
1234,1376,34714,317798,5405093,10520,1.0
1235,1376,34714,317798,5412707,10525,1.0
1236,1376,34714,323314,5450156,10520,1.0
1237,1376,34714,323314,5468024,10525,1.0
1238,1376,34714,317753,5427096,10520,1.0
1239,1376,34714,317753,5451861,10530,1.0
1240,1376,34714,317753,5467282,10525,1.0
1241,1376,34714,322578,5449277,10525,1.0
1242,1376,34714,321948,5423630,10520,1.0
1243,1376,34714,323760,5469795,10520,1.0
1244,1376,34714,323760,5469883,10523,1.0
1245,1376,34714,323756,5469765,10520,1.0
1246,1376,34714,323823,5470658,10520,1.0
1247,1376,34714,320957,5467597,10525,1.0
1248,1376,34714,320957,5469866,10523,1.0
1249,1376,34714,317781,5325280,10520,1.0
1250,1376,34714,314054,5206982,10520,1.0
1251,1376,34714,314054,5287092,10530,0.98
1252,1376,34714,314054,5310620,10520,0.94
1253,1376,34714,314054,5312228,10523,1.0
1254,1376,34714,314054,5418876,10525,1.0
1255,1376,34714,314054,5422424,10520,1.0
1256,1376,34714,314054,5423305,10525,1.0
1257,1376,34714,314054,5426522,10520,1.0
1258,1376,34714,314054,5434697,10525,0.9
1259,1376,34714,314054,5451781,10530,1.0
1260,1376,34714,314054,5467045,10525,0.98
1261,1376,34714,317765,5324892,10520,1.0
1262,1376,34714,323822,5470654,10520,1.0
1263,1376,34714,320956,5381624,10520,1.0
1264,1376,34714,323757,5469778,10520,1.0
1265,1376,34714,317790,5325340,10520,1.0
1266,1376,34714,317780,5325266,10520,1.0
1267,1376,34714,314055,5207007,10520,1.0
1268,1376,34714,314055,5287104,10530,1.0
1269,1376,34714,314055,5302047,10525,0.79
1270,1376,34714,316786,5302280,10525,1.0
1271,1376,34714,316786,5324676,10520,1.0
1272,1376,34714,317789,5325329,10520,1.0
1273,1376,34714,317752,5423391,10520,1.0
1274,1376,34714,317752,5435381,10525,0.99
1275,1376,34714,317752,5451840,10530,1.0
1276,1376,34714,317752,5467222,10525,1.0
1277,1376,34714,317752,5469780,10523,1.0
1278,1376,34714,323713,5467922,10525,1.0
1279,1376,34714,317469,5324671,10520,1.0
1280,1376,34714,323761,5469799,10520,1.0
1281,1376,34714,323761,5469919,10523,1.0
1282,1376,34714,323761,5470040,10520,1.0
1283,1376,34714,321959,5423971,10520,1.0
1284,1376,34714,317782,5325299,10520,1.0
1285,1376,34714,317782,5328013,10523,1.0
1286,1376,34714,320954,5428335,10520,1.0
1287,1376,34714,320954,5437863,10530,1.0
1288,1376,34714,320954,5467522,10525,1.0
1289,1376,34714,317766,5325288,10520,1.0
1290,1376,34714,321942,5423577,10520,1.0
1291,1376,34714,321942,5467679,10525,0.94
1292,1376,34714,321952,5423981,10520,1.0
1293,1376,34714,321952,5443234,10525,0.96
1294,1376,34714,321952,5446730,10520,0.95
1295,1376,34714,321952,5448644,10523,1.0
1296,1376,34714,323317,5450197,10520,1.0
1297,1376,34714,323317,5468069,10525,1.0
1298,1376,34714,314003,5205192,10525,1.0
1299,1376,34714,314060,5205161,10525,1.0
1300,1376,34714,314060,5286920,10530,0.97
1301,1376,34714,314060,5300473,10525,0.97
1302,1376,34714,314060,5302515,10520,0.9
1303,1376,34714,314060,5302898,10530,1.0
1304,1376,34714,314060,5312202,10523,1.0
1305,1376,34714,314060,5313144,10525,1.0
1306,1376,34714,314060,5421403,10520,1.0
1307,1376,34714,314060,5434551,10525,1.0
1308,1376,34714,314060,5451752,10530,1.0
1309,1376,34714,314060,5466737,10525,1.0
1310,1376,34714,314060,5469592,10523,1.0
1311,1376,34714,323316,5450176,10520,1.0
1312,1376,34714,323316,5468046,10525,0.85
1313,1376,34714,317680,5382601,10520,1.0
1314,1376,34714,317680,5451802,10530,1.0
1315,1376,34714,314002,5205083,10525,1.0
1316,1376,34714,314002,5286828,10530,1.0
1317,1376,34714,314002,5298938,10525,0.81
1318,1376,34714,314002,5451734,10530,1.0
1319,1376,34714,314002,5469629,10523,1.0
1320,1376,34714,313103,5447316,10530,1.0
1321,1376,34714,313103,5449304,10523,0.93
1322,1376,34714,313103,5451585,10530,0.96
1323,1376,34714,313103,5452143,10520,0.83
1324,1376,34714,313103,5463791,10530,1.0
1325,1376,34714,313103,5468159,10525,1.0
1326,1376,34714,313103,5470515,10520,1.0
1327,1376,34714,317793,5422148,10520,1.0
1328,1376,34714,317793,5434758,10525,0.77
1329,1376,34714,317793,5437294,10530,0.91
1330,1376,34714,317783,5325300,10520,1.0
1331,1376,34714,322344,5433152,10520,1.0
1332,1376,34714,322344,5445918,10525,0.73
1333,1376,34714,322344,5449006,10523,1.0
1334,1376,34714,320955,5428329,10520,1.0
1335,1376,34714,320955,5467560,10525,0.78
1336,1376,34714,317689,5418419,10520,1.0
1337,1376,34714,317689,5434904,10525,0.93
1338,1376,34714,317689,5451815,10530,0.99
1339,1376,34714,323821,5470646,10520,1.0
1340,1376,34714,323709,5467859,10525,1.0
1341,1376,34714,323320,5450223,10520,1.0
1342,1376,34714,323320,5451627,10523,0.9
1343,1376,34714,323320,5469589,10520,1.0
1344,1376,34714,323320,5469701,10523,1.0
1345,1376,34714,317767,5324932,10520,1.0
1346,1376,34885,330536,5615956,10455,1.0
1347,1376,34885,330536,5616383,7613,1.0
1348,1376,34885,330586,5632576,10448,1.0
1349,1376,34885,330586,5633790,7613,0.99
1350,1376,34885,330586,5634054,10448,1.0
1351,1376,34885,331178,5635856,10448,1.0
1352,1376,34885,331093,5632685,10448,1.0
1353,1376,34885,331093,5633704,7613,1.0
1354,1376,34885,331093,5635837,10448,1.0
1355,1376,34885,331116,5635758,7613,1.0
1356,1376,34885,330661,5630856,10455,1.0
1357,1376,34885,330661,5633857,7613,1.0
1358,1376,34885,330661,5634971,10448,0.88
1359,1376,34885,331227,5638301,7613,1.0
1360,1376,34892,324573,5475715,10475,1.0
1361,1376,34892,324573,5494879,10476,0.99
1362,1376,34892,324573,5635043,10493,0.77
1363,1376,34892,324573,5661940,10474,0.99
1364,1376,34892,324573,5662015,10475,1.0
1365,1376,34892,325875,5493086,10475,1.0
1366,1376,34892,325875,5494253,10476,0.92
1367,1376,34892,325875,5656142,10493,0.75
1368,1376,34892,325875,5662284,10475,1.0
1369,1376,34892,325875,5663346,10493,1.0
1370,1376,34892,324621,5475849,10475,1.0
1371,1376,34892,324621,5475860,10474,0.99
1372,1376,34892,324621,5475879,10475,0.8
1373,1376,34892,324621,5494651,10476,1.0
1374,1376,34892,324621,5587078,10493,1.0
1375,1376,34892,329875,5603184,10493,1.0
1376,1376,34892,329875,5662221,10475,1.0
1377,1376,34892,329875,5663301,10493,1.0
1378,1376,34892,324671,5476189,10475,1.0
1379,1376,34892,325956,5494076,10475,1.0
1380,1376,34892,325946,5494015,10475,1.0
1381,1376,34892,325946,5494173,10474,0.93
1382,1376,34892,325946,5494331,10476,0.98
1383,1376,34892,325946,5602035,10493,0.69
1384,1376,34892,325946,5662165,10475,1.0
1385,1376,34892,325946,5669249,10474,0.99
1386,1376,34892,324574,5475836,10475,1.0
1387,1376,34892,324574,5475847,10474,0.89
1388,1376,34892,324670,5476185,10475,1.0
1389,1376,34892,325913,5493893,10474,1.0
1390,1376,34892,325913,5494027,10476,1.0
1391,1376,34892,325913,5495427,10474,0.84
1392,1376,34892,325913,5663273,10493,0.55
1393,1376,34892,325913,5669337,10474,1.0
1394,1376,34892,324576,5475794,10475,1.0
1395,1376,34892,324576,5494758,10476,1.0
1396,1376,34892,324576,5591838,10493,0.7
1397,1376,34892,324549,5475703,10475,1.0
1398,1376,34892,324673,5476193,10475,1.0
1399,1376,34892,324673,5601600,10493,0.82
1400,1376,34892,324673,5662098,10475,1.0
1401,1376,34892,324673,5662223,10474,1.0
1402,1376,34845,325624,5500258,10379,1.0
1403,1376,34845,325624,5532371,10395,0.71
1404,1376,34845,325624,5533171,10379,1.0
1405,1376,34845,317482,5318156,10390,1.0
1406,1376,34845,317520,5318821,10390,1.0
1407,1376,34845,325625,5486185,10391,1.0
1408,1376,34845,325625,5531435,10395,0.88
1409,1376,34845,325625,5534406,10379,1.0
1410,1376,34845,325481,5484443,10395,1.0
1411,1376,34845,325481,5485269,10379,1.0
1412,1376,34845,325481,5531357,10395,0.99
1413,1376,34845,325481,5534020,10379,1.0
1414,1376,34845,325481,5536005,10391,1.0
1415,1376,34845,312677,5161900,10404,1.0
1416,1376,34845,312677,5162198,10390,0.99
1417,1376,34845,312677,5485868,10379,0.83
1418,1376,34845,312677,5532403,10395,0.99
1419,1376,34845,312677,5533096,10379,0.99
1420,1376,34845,317485,5318570,10390,1.0
1421,1376,34845,317485,5486195,10391,0.43
1422,1376,34845,317485,5532515,10395,0.97
1423,1376,34845,317485,5534353,10379,0.99
1424,1376,34845,325545,5484643,10404,1.0
1425,1376,34845,312716,5162383,10404,1.0
1426,1376,34845,312716,5500138,10379,0.98
1427,1376,34845,312716,5532356,10395,0.92
1428,1376,34845,327211,5524100,10379,1.0
1429,1376,34845,327211,5531478,10395,0.99
1430,1376,34845,312707,5162180,10404,1.0
1431,1376,34845,312707,5254775,10391,0.94
1432,1376,34845,312707,5485871,10379,1.0
1433,1376,34845,312707,5531157,10395,0.99
1434,1376,34845,317511,5318833,10390,1.0
1435,1376,34845,317511,5477620,10379,0.91
1436,1376,34845,317511,5484438,10390,1.0
1437,1376,34845,317511,5484495,10379,0.75
1438,1376,34845,317511,5531230,10395,0.91
1439,1376,34845,325584,5485040,10395,1.0
1440,1376,34845,325584,5485123,10379,1.0
1441,1376,34845,312691,5162200,10404,1.0
1442,1376,34845,312691,5484688,10379,1.0
1443,1376,34845,312691,5531105,10395,0.98
1444,1376,34845,312691,5533081,10379,1.0
1445,1376,34845,325547,5484680,10379,1.0
1446,1376,34845,325547,5485846,10404,0.24
1447,1376,34845,325547,5535730,10395,0.85
1448,1376,34712,312467,5154880,10526,1.0
1449,1376,34712,312467,5188459,10533,1.0
1450,1376,34712,312467,5315280,10547,1.0
1451,1376,34712,312467,5474473,10533,1.0
1452,1376,34712,312499,5315745,10547,1.0
1453,1376,34712,312499,5474289,10533,0.4
1454,1376,34712,324034,5474269,10526,1.0
1455,1376,34712,324034,5474551,10546,0.96
1456,1376,34712,324034,5474667,10533,1.0
1457,1376,34712,312478,5155439,10547,1.0
1458,1376,34712,312478,5188339,10533,1.0
1459,1376,34712,317050,5308752,10547,1.0
1460,1376,34712,317050,5315430,10546,0.62
1461,1376,34712,317050,5360551,10533,0.72
1462,1376,34712,317360,5315613,10526,1.0
1463,1376,34712,317360,5361178,10533,1.0
1464,1376,34712,317360,5425902,10526,1.0
1465,1376,34712,312395,5154294,10526,1.0
1466,1376,34712,312463,5154565,10526,1.0
1467,1376,34712,324037,5473764,10526,1.0
1468,1376,34712,324037,5473779,10547,1.0
1469,1376,34712,324037,5473815,10546,1.0
1470,1376,34712,324037,5474124,10547,1.0
1471,1376,34712,324037,5474589,10533,1.0
1472,1376,34712,320089,5359305,10533,1.0
1473,1376,34712,323950,5473515,10524,1.0
1474,1376,34712,323950,5474013,10533,1.0
1475,1376,34712,323950,5474450,10546,0.47
1476,1376,34712,323950,5474609,10533,0.92
1477,1376,34712,322032,5426870,10526,1.0
1478,1376,34712,322032,5474432,10533,1.0
1479,1376,34712,322032,5486011,10526,1.0
1480,1376,34712,322040,5426860,10526,1.0
1481,1376,34712,322040,5472892,10524,0.99
1482,1376,34712,322040,5474563,10526,0.83
1483,1376,34712,323966,5472985,10524,1.0
1484,1376,34712,312462,5155367,10547,1.0
1485,1376,34712,312462,5187904,10533,1.0
1486,1376,34712,312462,5314643,10547,0.99
1487,1376,34990,323560,5459333,10976,1.0
1488,1376,34990,323571,5459735,10986,1.0
1489,1376,34990,323571,5535889,10976,0.88
1490,1376,34990,323561,5459227,10986,1.0
1491,1376,34990,328033,5534893,10976,1.0
1492,1376,34990,323580,5460378,10976,1.0
1493,1376,34990,323580,5539697,10979,0.66
1494,1376,34990,323564,5536490,10976,1.0
1495,1376,34990,323574,5535082,10976,1.0
1496,1376,34841,312701,5162139,10401,1.0
1497,1376,34841,312701,5312980,10388,1.0
1498,1376,34841,312708,5162217,10401,1.0
1499,1376,34841,312708,5316908,10388,0.66
1500,1376,34841,317243,5312868,10388,1.0
1501,1376,34841,317231,5312964,10388,1.0
1502,1376,34841,317231,5318614,10380,1.0
1503,1376,34841,317231,5427493,10388,0.95
1504,1376,34841,317231,5533298,10386,1.0
1505,1376,34841,317510,5318706,10401,1.0
1506,1376,34841,317510,5318845,10386,0.43
1507,1376,34841,317510,5476380,10388,0.65
1508,1376,34841,317510,5529423,10380,1.0
1509,1376,34841,317510,5529931,10388,1.0
1510,1376,34841,312706,5162170,10401,1.0
1511,1376,34841,312706,5427019,10388,0.98
1512,1376,34841,312706,5523628,10380,0.99
1513,1376,34841,312692,5162234,10401,1.0
1514,1376,34841,312692,5427111,10388,0.87
1515,1376,34841,312692,5523402,10380,0.99
1516,1376,34841,312699,5162131,10401,1.0
1517,1376,34841,312642,5161487,10401,1.0
1518,1376,34841,312642,5427325,10388,0.68
1519,1376,34841,312642,5519810,10380,1.0
1520,1376,34841,312642,5533201,10386,0.99
1521,1376,34841,327837,5530629,10388,1.0
1522,1376,34841,317245,5312925,10388,1.0
1523,1376,34841,317437,5427537,10388,1.0
1524,1376,34841,317437,5523633,10380,1.0
1525,1376,34841,317512,5426936,10388,1.0
1526,1376,34841,317487,5426982,10388,1.0
1527,1376,34841,317487,5526218,10380,1.0
1528,1376,34841,317244,5312936,10388,1.0
1529,1376,34893,325941,5494894,10491,1.0
1530,1376,34893,325941,5656985,10466,0.92
1531,1376,34893,310645,5133821,10484,1.0
1532,1376,34893,310645,5300948,10487,0.78
1533,1376,34893,310645,5656911,10466,0.99
1534,1376,34893,325940,5656955,10466,1.0
1535,1376,34893,310646,5123256,10472,1.0
1536,1376,34893,310646,5133692,10487,0.59
1537,1376,34893,310646,5656208,10466,1.0
1538,1376,34893,316777,5657013,10466,1.0
1539,1376,34893,316255,5285179,10487,1.0
1540,1376,34893,316255,5286130,10466,0.91
1541,1376,34893,316255,5300648,10472,1.0
1542,1376,34893,316255,5301293,10466,1.0
1543,1376,34893,316255,5491074,10472,1.0
1544,1376,34893,316255,5656482,10466,1.0
1545,1376,34893,316773,5656618,10466,1.0
1546,1376,34893,316797,5656753,10466,1.0
1547,1376,34893,316160,5282882,10491,1.0
1548,1376,34893,316160,5284156,10477,1.0
1549,1376,34893,316160,5285167,10487,1.0
1550,1376,34893,316160,5286067,10466,0.86
1551,1376,34893,316160,5491037,10472,1.0
1552,1376,34893,316160,5656463,10466,0.99
1553,1376,34710,312506,5155784,10532,1.0
1554,1376,34710,312506,5171953,10518,0.92
1555,1376,34710,317232,5467394,10518,1.0
1556,1376,34710,317232,5471160,10522,1.0
1557,1376,34710,325980,5496804,10518,1.0
1558,1376,34710,323707,5467981,10518,1.0
1559,1376,34710,311716,5153891,10521,1.0
1560,1376,34710,312434,5154287,10532,1.0
1561,1376,34710,312434,5404464,10518,0.71
1562,1376,34710,316100,5280933,10532,1.0
1563,1376,34710,316100,5405492,10518,0.91
1564,1376,34710,323703,5467790,10518,1.0
1565,1376,34710,323703,5472348,10522,0.28
1566,1376,34710,323703,5478394,10518,1.0
1567,1376,34710,317312,5406078,10518,1.0
1568,1376,34710,312473,5155659,10532,1.0
1569,1376,34710,312473,5404833,10518,0.97
1570,1376,34710,321804,5408205,10518,1.0
1571,1376,34710,321804,5439516,10521,0.67
1572,1376,34710,321804,5467996,10518,0.79
1573,1376,34710,321804,5480088,10521,1.0
1574,1376,34710,312394,5153754,10532,1.0
1575,1376,34710,312394,5154154,10518,0.86
1576,1376,34710,312394,5154257,10532,0.9
1577,1376,34710,312394,5279582,10518,0.98
1578,1376,34710,312472,5279921,10518,1.0
1579,1376,34710,312472,5285409,10532,0.9
1580,1376,34710,312472,5496965,10518,0.93
1581,1376,34988,323200,5447939,10983,1.0
1582,1376,34988,323091,5445108,10982,1.0
1583,1376,34988,323089,5445104,10982,1.0
1584,1376,34988,323263,5448301,10984,1.0
1585,1376,34988,323189,5447136,10983,1.0
1586,1376,34988,323265,5448762,10984,1.0
1587,1376,34988,315717,5447620,10984,1.0
1588,1376,34988,323187,5448846,10982,1.0
1589,1376,34988,323197,5447714,10983,1.0
1590,1376,34857,316470,5293713,10507,1.0
1591,1376,34857,316470,5554180,10510,1.0
1592,1376,34857,316470,5581023,10507,0.99
1593,1376,34857,328933,5581339,10507,1.0
1594,1376,34857,328365,5570982,10510,1.0
1595,1376,34857,328365,5580124,10507,0.93
1596,1376,34857,328365,5581518,10510,1.0
1597,1376,34857,328459,5578419,10510,1.0
1598,1376,34857,328459,5578834,10507,0.97
1599,1376,34857,328459,5580752,10510,0.97
1600,1376,34857,327832,5530910,10501,1.0
1601,1376,34857,327832,5531753,10507,0.94
1602,1376,34857,328079,5554416,10510,1.0
1603,1376,34857,328079,5578936,10507,0.9
1604,1376,34857,328079,5580832,10510,0.97
1605,1376,34857,328392,5554465,10510,1.0
1606,1376,34857,328392,5559693,10501,1.0
1607,1376,34857,328392,5559741,10510,1.0
1608,1376,34857,328392,5579264,10507,0.82
1609,1376,34857,328464,5565052,10510,1.0
1610,1376,34857,328464,5565274,10507,0.98
1611,1376,34857,328464,5570285,10510,0.99
1612,1376,34857,328464,5578892,10507,0.98
1613,1376,34857,328464,5580449,10510,1.0
1614,1376,34857,310933,5293683,10507,1.0
1615,1376,34857,328505,5561609,10510,1.0
1616,1376,34857,328505,5564703,10507,0.88
1617,1376,34857,328505,5580800,10510,0.89
1618,1376,34857,328505,5581131,10507,0.99
1619,1376,34857,328505,5581236,10510,1.0
1620,1376,34857,316472,5293712,10501,1.0
1621,1376,34857,327894,5532701,10510,1.0
1622,1376,34857,327894,5533376,10507,1.0
1623,1376,34857,327894,5549541,10510,1.0
1624,1376,34857,327200,5530932,10507,1.0
1625,1376,34857,327200,5562076,10510,0.84
1626,1376,34857,327200,5581248,10507,0.97
1627,1376,34857,328728,5580341,10506,1.0
1628,1376,34857,328728,5581332,10507,0.93
1629,1376,34857,328526,5579383,10510,1.0
1630,1376,34857,328526,5581325,10507,0.86
1631,1376,34857,310969,5442144,10507,1.0
1632,1376,34857,310969,5554204,10510,1.0
1633,1376,34857,310969,5579655,10507,1.0
1634,1376,34857,310969,5579911,10510,0.92
1635,1376,34857,310969,5581098,10507,1.0
1636,1376,34857,316453,5293771,7538,1.0
1637,1376,34857,316453,5531372,10507,0.81
1638,1376,34857,316453,5563827,10510,1.0
1639,1376,34857,316453,5578669,10507,1.0
1640,1376,34857,316453,5580657,10510,0.76
1641,1376,34857,316453,5581171,10507,1.0
1642,1376,34758,316402,5294842,10440,1.0
1643,1376,34758,316402,5295071,10422,0.92
1644,1376,34758,316402,5300343,10440,1.0
1645,1376,34758,316402,5301555,10422,1.0
1646,1376,34758,316402,5301793,10440,0.98
1647,1376,34758,316639,5300074,10426,1.0
1648,1376,34758,316639,5301230,10422,1.0
1649,1376,34758,316639,5301943,10440,0.98
1650,1376,34758,310870,5127582,10426,1.0
1651,1376,34758,310870,5290494,10440,0.75
1652,1376,34758,310870,5290613,10422,1.0
1653,1376,34758,310870,5291028,10440,0.94
1654,1376,34758,310870,5291217,10422,1.0
1655,1376,34758,310870,5291899,10440,1.0
1656,1376,34758,310870,5294394,10426,0.98
1657,1376,34758,310870,5297794,10440,1.0
1658,1376,34758,310870,5298171,10426,1.0
1659,1376,34758,310870,5307060,10440,1.0
1660,1376,34758,310884,5127442,10440,1.0
1661,1376,34758,310884,5298822,10422,0.86
1662,1376,34758,310884,5301469,10440,1.0
1663,1376,34758,316415,5295420,10426,1.0
1664,1376,34758,316415,5298278,10422,0.98
1665,1376,34758,316415,5300433,10440,1.0
1666,1376,34758,310878,5127109,10440,1.0
1667,1376,34758,310878,5297850,10422,1.0
1668,1376,34758,316598,5298134,10426,1.0
1669,1376,34758,316598,5313874,10440,0.98
1670,1376,34758,316406,5298917,10422,1.0
1671,1376,34758,316406,5301539,10440,0.98
1672,1376,34758,315968,5275530,10422,1.0
1673,1376,34758,315968,5285888,10440,0.99
1674,1376,34758,315968,5301575,10422,0.97
1675,1376,34758,315968,5301681,10440,0.99
1676,1376,34758,316601,5298720,10426,1.0
1677,1376,34758,316601,5298946,10422,1.0
1678,1376,34758,316420,5298141,10440,1.0
1679,1376,34758,316420,5301772,10422,0.8
1680,1376,34758,316420,5302052,10440,0.85
1681,1376,34758,316420,5307092,10426,0.82
1682,1376,34758,316420,5307241,10440,0.98
1683,1376,34758,316358,5291396,10426,1.0
1684,1376,34758,316491,5295428,10426,1.0
1685,1376,34758,316491,5307068,10440,1.0
1686,1376,34784,329284,5587494,10555,1.0
1687,1376,34784,310475,5423147,10555,1.0
1688,1376,34784,329936,5607852,10557,1.0
1689,1376,34784,329936,5611336,10555,0.99
1690,1376,34784,321936,5424191,10555,1.0
1691,1376,34784,329286,5587508,10555,1.0
1692,1376,34784,321958,5423858,10555,1.0
1693,1376,34784,329904,5603230,10555,1.0
1694,1376,34784,328936,5603960,10555,1.0
1695,1376,34824,323834,5471340,10419,1.0
1696,1376,34824,323834,5477285,10414,0.79
1697,1376,34824,315124,5444476,10414,1.0
1698,1376,34824,315124,5471359,10419,1.0
1699,1376,34824,315124,5477528,10414,0.85
1700,1376,34824,313803,5197572,10414,1.0
1701,1376,34824,313803,5470775,10419,0.99
1702,1376,34824,313803,5477577,10414,0.97
1703,1376,34824,314447,5444550,10414,1.0
1704,1376,34824,314447,5470950,10419,0.98
1705,1376,34824,314447,5475415,10414,0.98
1706,1376,34824,314457,5224035,10414,1.0
1707,1376,34824,314442,5475389,10414,1.0
1708,1376,34824,323832,5471202,10419,1.0
1709,1376,34824,323832,5475641,10414,0.75
1710,1376,34824,313806,5219369,10414,1.0
1711,1376,34824,313806,5470827,10419,1.0
1712,1376,34824,313806,5475368,10414,0.95
1713,1376,34824,314451,5444147,10414,1.0
1714,1376,34824,314451,5471240,10419,1.0
1715,1376,34824,314451,5475551,10414,0.98
1716,1376,34824,314466,5477651,10414,1.0
1717,1376,34824,314450,5476819,10414,1.0
1718,1376,34825,323680,5466592,10412,1.0
1719,1376,34825,323680,5479851,10413,0.98
1720,1376,34825,323683,5466612,10412,1.0
1721,1376,34825,323683,5478331,10406,0.99
1722,1376,34825,323683,5482133,10413,0.99
1723,1376,34825,311203,5132504,10410,1.0
1724,1376,34825,311203,5466672,10412,1.0
1725,1376,34825,311203,5467707,10416,0.69
1726,1376,34825,311203,5475164,10413,0.98
1727,1376,34825,311289,5134209,10416,1.0
1728,1376,34825,311289,5467238,10412,0.8
1729,1376,34825,311289,5478481,10406,0.97
1730,1376,34825,311289,5481931,10413,0.55
1731,1376,34825,311220,5133129,10416,1.0
1732,1376,34825,323684,5466776,10412,1.0
1733,1376,34825,323684,5467781,10416,0.94
1734,1376,34825,323684,5475079,10413,0.97
1735,1376,34825,325346,5482124,10413,1.0
1736,1376,34825,323710,5482140,10412,1.0
1737,1376,34825,323710,5482145,10413,1.0
1738,1376,34825,323710,5482165,10412,1.0
1739,1376,34825,323700,5467643,10412,1.0
1740,1376,34825,323700,5481734,10413,0.98
1741,1376,34825,316771,5466633,10412,1.0
1742,1376,34825,316771,5481587,10413,0.9
1743,1376,34825,323695,5467496,10412,1.0
1744,1376,34825,323695,5479018,10413,1.0
1745,1376,34786,327794,5529803,10559,1.0
1746,1376,34786,316960,5463836,10559,1.0
1747,1376,34786,327770,5529461,10559,1.0
1748,1376,34786,325779,5529648,10559,1.0
1749,1376,34786,311707,5141577,10559,1.0
1750,1376,34786,311707,5279564,10553,1.0
1751,1376,34786,311707,5616590,10559,1.0
1752,1376,34786,316973,5307615,10559,1.0
1753,1376,34786,323633,5488185,10559,1.0
1754,1376,34786,325761,5616608,10559,1.0
1755,1376,34786,325747,5488083,10559,1.0
1756,1376,34786,316972,5307611,10559,1.0
1757,1376,34786,316972,5496343,10548,1.0
1758,1376,34786,316972,5529333,10559,1.0
1759,1376,34786,327621,5595029,10559,1.0
1760,1376,34786,327799,5594839,10559,1.0
1761,1376,34786,323598,5461870,10559,1.0
1762,1376,34755,310858,5231647,10432,1.0
1763,1376,34755,310858,5254867,10434,1.0
1764,1376,34755,310858,5290096,10432,0.97
1765,1376,34755,310858,5290622,10427,1.0
1766,1376,34755,314749,5229181,10432,1.0
1767,1376,34755,314749,5290151,10427,1.0
1768,1376,34755,314750,5230353,10432,1.0
1769,1376,34755,314750,5280770,10434,1.0
1770,1376,34755,314750,5290065,10432,0.95
1771,1376,34755,314750,5290571,10427,1.0
1772,1376,34755,314750,5290697,10434,0.95
1773,1376,34755,314764,5244447,10427,1.0
1774,1376,34755,314764,5256493,10432,1.0
1775,1376,34755,314764,5257863,10427,0.81
1776,1376,34755,314764,5258125,10432,0.97
1777,1376,34755,314764,5259478,10427,0.97
1778,1376,34755,314764,5261601,10434,1.0
1779,1376,34755,314764,5262500,10432,1.0
1780,1376,34755,314764,5280788,10434,1.0
1781,1376,34755,314764,5290689,10427,1.0
1782,1376,34755,314764,5291696,10432,1.0
1783,1376,34755,314765,5230463,10432,1.0
1784,1376,34755,314765,5234508,10434,0.75
1785,1376,34755,314765,5243717,10432,1.0
1786,1376,34755,314765,5254874,10434,1.0
1787,1376,34755,314765,5262496,10432,0.91
1788,1376,34755,314765,5280824,10434,1.0
1789,1376,34755,314765,5290859,10427,1.0
1790,1376,34755,314765,5291306,10432,1.0
1791,1376,34755,310865,5263868,10433,1.0
1792,1376,34755,310865,5264151,10432,0.95
1793,1376,34755,310865,5280057,10433,0.98
1794,1376,34755,310865,5280868,10434,1.0
1795,1376,34755,310865,5291142,10432,0.85
1796,1376,34755,310865,5291264,10433,1.0
1797,1376,34755,310865,5291334,10427,1.0
1798,1376,34755,310865,5291489,10433,1.0
1799,1376,34755,314769,5263203,10434,1.0
1800,1376,34755,314769,5289827,10432,0.99
1801,1376,34755,314769,5290826,10434,1.0
1802,1376,34755,314769,5291675,10433,0.99
1803,1376,34755,314768,5231847,10432,1.0
1804,1376,34755,314768,5234520,10434,0.95
1805,1376,34755,314768,5258075,10432,0.56
1806,1376,34755,314768,5280848,10434,1.0
1807,1376,34755,314768,5290025,10432,1.0
1808,1376,34755,314768,5291069,10427,0.99
1809,1376,34755,314768,5291312,10432,1.0
1810,1376,34755,310854,5127449,10433,1.0
1811,1376,34755,310854,5229405,10432,0.93
1812,1376,34755,310854,5290295,10427,1.0
1813,1376,34755,310854,5290564,10434,1.0
1814,1376,34755,310854,5291689,10432,1.0
1815,1376,34787,330413,5612291,10566,1.0
1816,1376,34787,330413,5615861,10560,1.0
1817,1376,34787,312101,5613703,10566,1.0
1818,1376,34787,312101,5615963,10560,1.0
1819,1376,34787,329039,5584099,10560,1.0
1820,1376,34787,330303,5613753,10566,1.0
1821,1376,34787,330303,5615839,10560,1.0
1822,1376,34787,330030,5613811,10566,1.0
1823,1376,34787,330030,5615923,10560,1.0
1824,1376,34787,330394,5613435,10566,1.0
1825,1376,34787,330394,5615832,10560,1.0
1826,1376,34787,312112,5613729,10566,1.0
1827,1376,34787,312112,5615944,10560,1.0
1828,1376,34787,312117,5613736,10566,1.0
1829,1376,34787,312117,5615935,10560,1.0
1830,1376,34787,311686,5613758,10566,1.0
1831,1376,34787,311686,5615979,10560,1.0
1832,1376,34787,330056,5607674,10566,1.0
1833,1376,34787,330056,5615877,10560,1.0
1834,1376,34787,316079,5280344,10566,1.0
1835,1376,34787,316079,5517255,10554,1.0
1836,1376,34787,316079,5613662,10566,0.8
1837,1376,34787,316079,5615849,10560,0.99
1838,1376,34787,316101,5280193,10566,1.0
1839,1376,34787,311685,5613773,10566,1.0
1840,1376,34787,311685,5615986,10560,0.99
1841,1376,34823,316683,5300921,10407,1.0
1842,1376,34823,316683,5441092,10409,0.9
1843,1376,34823,316683,5442025,10407,0.94
1844,1376,34823,316354,5479540,10409,1.0
1845,1376,34823,323651,5467101,10409,1.0
1846,1376,34823,323818,5474739,10409,1.0
1847,1376,34823,322163,5480030,10409,1.0
1848,1376,34823,311181,5133278,10408,1.0
1849,1376,34823,311181,5439757,10409,0.94
1850,1376,34823,322797,5464598,10409,1.0
1851,1376,34823,322797,5475464,10407,0.81
1852,1376,34823,322797,5476545,10409,0.99
1853,1376,34823,316353,5287871,10409,1.0
1854,1376,34823,316353,5300892,10408,0.98
1855,1376,34823,316353,5415473,10409,0.95
1856,1376,34823,316353,5442209,10408,0.95
1857,1376,34823,316353,5479197,10409,0.99
1858,1376,34823,322835,5444484,10407,1.0
1859,1376,34823,322835,5474802,10409,0.94
1860,1376,34823,316746,5300911,10415,1.0
1861,1376,34823,316746,5467738,10409,0.64
1862,1376,34823,316746,5477903,10415,0.58
1863,1376,34823,316746,5480021,10409,0.93
1864,1376,34823,316746,5481354,10408,1.0
1865,1376,34823,311241,5133685,10408,1.0
1866,1376,34823,311241,5462675,10409,0.91
1867,1376,34823,311241,5475232,10407,0.91
1868,1376,34823,311154,5132031,10408,1.0
1869,1376,34823,311154,5300666,10415,0.66
1870,1376,34823,311154,5428631,10409,0.95
1871,1376,34823,323613,5464815,10409,1.0
1872,1376,34757,317248,5312959,10431,1.0
1873,1376,34757,317258,5314360,10431,1.0
1874,1376,34757,316798,5303126,10431,1.0
1875,1376,34757,317250,5314142,10429,1.0
1876,1376,34757,316301,5285768,10429,1.0
1877,1376,34757,317170,5310933,10435,1.0
1878,1376,34757,317252,5313936,10429,1.0
1879,1376,34757,310843,5126379,10429,1.0
1880,1376,34757,310843,5126527,10425,1.0
1881,1376,34757,310843,5209757,10431,1.0
1882,1376,34757,310843,5290324,10425,0.87
1883,1376,34757,316302,5285957,10429,1.0
1884,1376,34757,316302,5299764,10431,1.0
1885,1376,34757,316302,5303514,10435,1.0
1886,1376,34757,316302,5311282,10429,0.9
1887,1376,34757,316302,5311789,10431,1.0
1888,1376,34757,316302,5313912,10429,0.82
1889,1376,34757,317221,5313287,10431,1.0
1890,1376,34757,317221,5313442,10429,1.0
1891,1376,34757,317221,5313771,10431,1.0
1892,1376,34757,317221,5313796,10429,1.0
1893,1376,34757,317221,5313887,10431,1.0
1894,1376,34757,317221,5313920,10429,0.83
1895,1376,34757,317221,5313990,10431,0.97
1896,1376,34757,317221,5314098,10429,1.0
1897,1376,34757,317221,5314137,10431,1.0
1898,1376,34757,316343,5313869,10429,1.0
1899,1376,34757,316343,5314365,10431,1.0
1900,1376,34757,316381,5289848,10431,1.0
1901,1376,34757,316381,5290044,10425,1.0
1902,1376,34757,316381,5291409,10435,1.0
1903,1376,34757,311045,5175862,10429,1.0
1904,1376,34757,311045,5230037,10431,0.97
1905,1376,34757,311045,5231037,10429,0.96
1906,1376,34757,311045,5276522,10431,0.99
1907,1376,34757,311045,5285751,10429,0.96
1908,1376,34757,311045,5289814,10431,0.88
1909,1376,34757,311045,5289984,10429,0.89
1910,1376,34757,311045,5291387,10435,1.0
1911,1376,34757,311045,5313917,10429,0.91
1912,1376,34757,316787,5302812,10429,1.0
1913,1376,34757,316787,5310027,10435,0.86
1914,1376,34757,316787,5313863,10429,1.0
1915,1376,34757,316787,5314319,10431,1.0
1916,1376,34757,313071,5290420,10429,1.0
1917,1376,34757,313071,5291487,10435,0.98
1918,1376,34757,313071,5300897,10431,0.9
1919,1376,34757,313071,5302041,10429,0.98
1920,1376,34757,313071,5309162,10431,0.88
1921,1376,34757,313071,5313744,10429,1.0
1922,1376,34757,313071,5314312,10431,1.0
1923,1376,34757,316291,5285499,10429,1.0
1924,1376,34757,316291,5309277,10431,0.79
1925,1376,34757,316291,5313904,10429,1.0
1926,1376,34757,314796,5313483,10429,1.0
1927,1376,34757,313044,5172660,10429,1.0
1928,1376,34757,313044,5299785,10431,1.0
1929,1376,34757,313044,5300419,10429,1.0
1930,1376,34757,314205,5209780,10431,1.0
1931,1376,34757,314205,5287475,10429,0.98
1932,1376,34757,314205,5313901,10431,0.98
1933,1376,34785,311462,5136960,10563,1.0
1934,1376,34785,311462,5527853,10567,0.95
1935,1376,34785,311462,5592311,10563,0.95
1936,1376,34785,327480,5528402,10561,1.0
1937,1376,34785,327464,5526309,10561,1.0
1938,1376,34785,327464,5526371,10558,1.0
1939,1376,34785,327532,5527532,10567,1.0
1940,1376,34785,327686,5592367,10563,1.0
1941,1376,34785,327514,5528571,10558,1.0
1942,1376,34785,327514,5591240,10561,0.99
1943,1376,34785,311706,5527878,10567,1.0
1944,1376,34785,329399,5591918,10563,1.0
1945,1376,34785,329358,5589671,10558,1.0
1946,1376,34785,329358,5589684,10561,0.95
1947,1376,34986,315626,5268162,10989,1.0
1948,1376,34986,315626,5270004,10987,0.96
1949,1376,34986,322866,5442251,10989,1.0
1950,1376,34986,322964,5443568,10989,1.0
1951,1376,34986,315624,5268125,10989,1.0
1952,1376,34986,315701,5270434,7545,1.0
1953,1376,34986,315701,5270674,10989,1.0
1954,1376,34986,315701,5270815,7545,0.88
1955,1376,34986,322962,5443357,10989,1.0
1956,1376,34986,315620,5268116,10989,1.0
1957,1376,34986,315620,5533921,7545,0.83
1958,1376,34986,322894,5442659,10989,1.0
1959,1376,34986,322913,5443341,10989,1.0
1960,1376,34986,322913,5534121,7545,1.0
1961,1376,34713,312428,5154184,10519,1.0
1962,1376,34713,312428,5155448,10543,0.73
1963,1376,34713,312428,5314816,10536,1.0
1964,1376,34713,312428,5314837,10519,1.0
1965,1376,34713,312428,5442261,10536,0.96
1966,1376,34713,312428,5480764,10519,0.99
1967,1376,34713,322013,5425532,10536,1.0
1968,1376,34713,322013,5479191,10529,0.99
1969,1376,34713,322013,5480897,10519,0.98
1970,1376,34713,325165,5479448,10529,1.0
1971,1376,34713,325165,5480814,10519,0.98
1972,1376,34713,322346,5433250,10536,1.0
1973,1376,34713,322346,5467813,10529,0.77
1974,1376,34713,322346,5468209,10519,1.0
1975,1376,34713,322346,5479913,10529,0.83
1976,1376,34713,322346,5481049,10519,1.0
1977,1376,34713,312396,5155216,10519,1.0
1978,1376,34713,312396,5441492,10536,0.79
1979,1376,34713,312396,5478923,10519,0.97
1980,1376,34713,312396,5480496,10543,0.99
1981,1376,34713,312396,5480700,10519,1.0
1982,1376,34713,322038,5426524,10536,1.0
1983,1376,34713,322038,5480879,10519,1.0
1984,1376,34713,322017,5425578,10536,1.0
1985,1376,34713,322017,5467718,10529,0.63
1986,1376,34713,322017,5467736,10536,1.0
1987,1376,34713,322017,5468216,10519,1.0
1988,1376,34713,322017,5479273,10529,0.77
1989,1376,34713,322017,5479660,10536,1.0
1990,1376,34713,322017,5479821,10529,0.99
1991,1376,34713,322017,5480757,10543,0.89
1992,1376,34713,322017,5481134,10519,0.99
1993,1376,34713,324096,5479698,10536,1.0
1994,1376,34886,329896,5602479,10444,1.0
1995,1376,34886,329717,5602473,10444,1.0
1996,1376,34886,329897,5602485,10444,1.0
1997,1376,34886,329897,5613145,10462,0.98
1998,1376,34886,329897,5645172,10444,0.99
1999,1376,34886,329897,5646082,10462,0.98
2000,1376,34886,329573,5597482,10444,1.0
2001,1376,34886,330534,5615744,10462,1.0
2002,1376,34886,330534,5659142,10444,1.0
2003,1376,34886,329723,5600361,10444,1.0
2004,1376,34886,331645,5659178,10444,1.0
2005,1376,34886,311641,5594419,10444,1.0
2006,1376,34886,330634,5618220,10462,1.0
2007,1376,34886,329531,5596213,10444,1.0
2008,1376,34886,329575,5597542,10444,1.0
2009,1376,34886,329718,5600370,10444,1.0
2010,1376,34886,329899,5637772,10444,1.0
2011,1376,34886,331607,5644504,10444,1.0
2012,1376,34886,331607,5646838,10462,1.0
2013,1376,34886,331410,5637776,10444,1.0
2014,1376,34886,331411,5645051,10444,1.0
2015,1376,34886,331411,5646786,10462,1.0
2016,1376,34842,313345,5182139,10383,1.0
2017,1376,34842,313345,5282897,10381,1.0
2018,1376,34842,316181,5318786,10392,1.0
2019,1376,34842,316181,5435998,10381,0.55
2020,1376,34842,316181,5449603,10383,1.0
2021,1376,34842,317467,5436459,10381,1.0
2022,1376,34842,317773,5437284,10381,1.0
2023,1376,34842,317773,5449779,10383,1.0
2024,1376,34842,317773,5502377,10381,1.0
2025,1376,34842,316544,5436130,10381,1.0
2026,1376,34842,324750,5508116,10381,1.0
2027,1376,34842,322035,5510047,10381,1.0
2028,1376,34842,316141,5426577,10381,1.0
2029,1376,34842,312672,5161814,10393,1.0
2030,1376,34842,312672,5181978,10383,1.0
2031,1376,34842,312672,5235464,10393,1.0
2032,1376,34842,312672,5426551,10381,0.73
2033,1376,34842,316183,5317289,10381,1.0
2034,1376,34842,322039,5426394,10381,1.0
2035,1376,34842,312658,5161337,10393,1.0
2036,1376,34842,312658,5161937,10383,0.82
2037,1376,34842,312658,5179896,10381,0.89
2038,1376,34842,312658,5181970,10383,1.0
2039,1376,34842,312658,5435931,10381,1.0
2040,1376,34842,317468,5436371,10381,1.0
2041,1376,34842,316914,5509039,10381,1.0
2042,1376,34842,317472,5436649,10381,1.0
2043,1376,34842,317472,5450153,10383,1.0
2044,1376,34842,316185,5510405,10381,1.0
2045,1376,34788,330633,5618208,10550,1.0
2046,1376,34788,316971,5618272,10550,1.0
2047,1376,34788,316968,5307582,10550,1.0
2048,1376,34788,330629,5618168,10550,1.0
2049,1376,34788,330639,5618373,10550,1.0
2050,1376,34788,316967,5307477,10550,1.0
2051,1376,34788,316966,5307472,10550,1.0
2052,1376,34788,330636,5618226,10550,1.0
2053,1376,34883,326016,5522990,10449,1.0
2054,1376,34883,330005,5604801,10452,1.0
2055,1376,34883,330033,5606504,10452,1.0
2056,1376,34883,330033,5610198,10460,1.0
2057,1376,34883,330038,5610000,10452,1.0
2058,1376,34883,330038,5613006,10460,1.0
2059,1376,34883,330085,5609640,10452,1.0
2060,1376,34883,330388,5636176,10460,1.0
2061,1376,34883,329451,5593932,10449,1.0
2062,1376,34883,329451,5603540,10459,1.0
2063,1376,34883,329451,5605212,10452,1.0
2064,1376,34883,324889,5477399,10449,1.0
2065,1376,34883,327198,5593362,10449,1.0
2066,1376,34883,330086,5607645,10459,1.0
2067,1376,34859,316469,5294415,10512,1.0
2068,1376,34859,316469,5295055,7449,0.94
2069,1376,34859,316469,5495196,10503,0.99
2070,1376,34859,316469,5531289,7537,1.0
2071,1376,34859,316469,5540773,10503,0.98
2072,1376,34859,316469,5555742,10514,0.98
2073,1376,34859,316425,5292640,10512,1.0
2074,1376,34859,316425,5294189,7449,1.0
2075,1376,34859,316425,5530698,7537,0.41
2076,1376,34859,316425,5553491,10514,0.9
2077,1376,34859,316425,5579643,10496,0.99
2078,1376,34859,328009,5541227,10503,1.0
2079,1376,34859,328938,5581269,10512,1.0
2080,1376,34859,328938,5581534,10496,0.93
2081,1376,34859,328008,5541547,10503,1.0
2082,1376,34859,328008,5556664,10514,1.0
2083,1376,34859,328274,5540941,10503,1.0
2084,1376,34859,328274,5554707,10514,1.0
2085,1376,34859,328274,5577572,10503,1.0
2086,1376,34859,316444,5293449,10512,1.0
2087,1376,34859,316444,5294703,7449,0.87
2088,1376,34859,316444,5534039,10503,1.0
2089,1376,34859,316444,5553730,10514,0.99
2090,1376,34859,316444,5581428,10496,0.98
2091,1376,34859,326014,5499848,10503,1.0
2092,1376,34859,326014,5556641,10514,1.0
2093,1376,34859,325960,5496226,10503,1.0
2094,1376,34859,325945,5494346,10503,1.0
2095,1376,34859,325945,5554667,10514,0.88
2096,1376,34896,325853,5491587,10478,1.0
2097,1376,34896,325853,5491863,10485,0.99
2098,1376,34896,325906,5494012,10478,1.0
2099,1376,34896,311239,5134319,10492,1.0
2100,1376,34896,311239,5300042,10478,1.0
2101,1376,34896,311239,5300141,10488,1.0
2102,1376,34896,311239,5492095,10485,0.9
2103,1376,34896,316719,5300876,10478,1.0
2104,1376,34896,316719,5492255,10489,0.84
2105,1376,34896,316719,5492427,10488,0.98
2106,1376,34896,316719,5493678,10489,0.94
2107,1376,34896,325908,5493946,10492,1.0
2108,1376,34896,325909,5491770,10488,1.0
2109,1376,34896,325909,5492332,10478,1.0
2110,1376,34882,311556,5301818,10457,1.0
2111,1376,34882,311624,5306602,10457,1.0
2112,1376,34844,325647,5539260,10389,1.0
2113,1376,34844,325012,5500809,9125,1.0
2114,1376,34844,325012,5537796,10405,0.95
2115,1376,34844,325012,5539450,10389,0.94
2116,1376,34844,317576,5319949,10389,1.0
2117,1376,34844,317576,5538134,10405,0.99
2118,1376,34844,325009,5477894,9125,1.0
2119,1376,34844,325009,5539368,10389,0.95
2120,1376,34844,325009,5553395,9125,1.0
2121,1376,34844,327038,5516330,10389,1.0
2122,1376,34844,327038,5537970,10405,1.0
2123,1376,34844,327038,5539817,10389,0.89
2124,1376,34844,327038,5553129,9125,1.0
2125,1376,34844,317509,5477918,9125,1.0
2126,1376,34844,317509,5539301,10389,0.91
2127,1376,34844,325650,5485907,10389,1.0
2128,1376,34844,317518,5319285,10389,1.0
2129,1376,34844,309812,5161713,10405,1.0
2130,1376,34844,309812,5161833,10398,0.0
2131,1376,34844,309812,5162280,10385,1.0
2132,1376,34844,312715,5162306,10385,1.0
2133,1376,34844,312715,5485826,10389,0.89
2134,1376,34844,312715,5538176,10405,1.0
2135,1376,34844,312715,5539235,10389,1.0
2136,1376,34844,328219,5539607,10389,1.0
2137,1376,34844,325621,5486003,10397,1.0
2138,1376,34844,325621,5531238,10385,0.98
2139,1376,34844,325621,5536349,10397,1.0
2140,1376,34844,325621,5538074,10405,1.0
2141,1376,34844,325621,5539598,10389,1.0
2142,1376,34844,325621,5553685,10397,0.99
2143,1376,34894,325929,5492537,10481,1.0
2144,1376,34894,325929,5594527,10470,0.88
2145,1376,34894,325939,5493792,10467,1.0
2146,1376,34894,325939,5495561,10490,0.62
2147,1376,34894,325939,5496207,10480,0.9
2148,1376,34894,325939,5564218,10470,1.0
2149,1376,34894,325867,5594538,10481,1.0
2150,1376,34894,316151,5282419,10481,1.0
2151,1376,34894,325928,5492422,10467,1.0
2152,1376,34894,325928,5564132,10470,0.99
2153,1376,34894,311290,5133986,10467,1.0
2154,1376,34894,311290,5134235,10481,1.0
2155,1376,34894,311290,5492080,10470,0.31
2156,1376,34894,316137,5282152,10467,1.0
2157,1376,34894,316137,5492920,10481,0.79
2158,1376,34894,316137,5495362,10470,1.0
2159,1376,34894,311253,5133537,10481,1.0
2160,1376,34894,311253,5496636,10470,0.94
2161,1376,34894,311293,5134054,10467,1.0
2162,1376,34894,311293,5134244,10481,1.0
2163,1376,34894,311293,5593863,10467,1.0
2164,1376,34894,311223,5133207,10481,1.0
2165,1376,34894,316697,5491441,10470,1.0
2166,1376,34894,325963,5593925,10467,1.0
2167,1376,34894,325963,5594053,10481,1.0
2168,1376,34894,325963,5594329,10470,0.99
2169,1376,34894,326013,5594070,10467,1.0
2170,1376,34894,326013,5594562,10470,0.99
2171,1376,34894,326013,5601314,10480,1.0
2172,1376,34894,329490,5594509,10470,1.0
2173,1376,34894,325944,5495234,10470,1.0
2174,1376,34894,311214,5132678,10490,1.0
2175,1376,34894,325871,5496532,10470,1.0
2176,1376,34756,316699,5300113,10438,1.0
2177,1376,34756,316411,5302947,10438,1.0
2178,1376,34756,316411,5308256,10437,0.96
2179,1376,34756,316698,5300105,10438,1.0
2180,1376,34756,316399,5308219,10437,1.0
2181,1376,34756,316416,5300429,10438,1.0
2182,1376,34756,316416,5302961,10437,0.99
2183,1376,34756,316416,5302983,10438,1.0
2184,1376,34756,316416,5308261,10437,1.0
2185,1376,34756,316703,5300801,10438,1.0
2186,1376,34756,316703,5308388,10437,0.97
2187,1376,34756,316407,5291832,10436,1.0
2188,1376,34756,316407,5308270,10437,1.0
2189,1376,34756,316383,5290610,10436,1.0
2190,1376,34711,317349,5481381,10542,1.0
2191,1376,34711,317349,5482493,10534,0.98
2192,1376,34711,311887,5474620,10534,1.0
2193,1376,34711,323815,5470355,10542,1.0
2194,1376,34711,323815,5474650,10534,1.0
2195,1376,34711,323815,5478630,10542,0.98
2196,1376,34711,323815,5483281,10534,1.0
2197,1376,34711,317042,5309042,10542,1.0
2198,1376,34711,317042,5309078,10534,1.0
2199,1376,34711,317042,5315645,10542,1.0
2200,1376,34711,317042,5476843,10534,0.93
2201,1376,34711,317042,5478732,10542,1.0
2202,1376,34711,317042,5479752,10539,1.0
2203,1376,34711,317042,5481281,10534,1.0
2204,1376,34711,317042,5482221,10508,0.99
2205,1376,34711,317042,5482452,10534,0.99
2206,1376,34711,317043,5474800,10534,1.0
2207,1376,34711,317043,5480227,10508,0.84
2208,1376,34711,317043,5481293,10534,0.96
2209,1376,34711,317043,5482195,10508,0.98
2210,1376,34711,317043,5483518,10534,0.87
2211,1376,34711,324019,5474547,10528,1.0
2212,1376,34711,324019,5476896,10534,1.0
2213,1376,34711,324019,5478599,10542,1.0
2214,1376,34711,324019,5481278,10534,0.92
2215,1376,34711,324019,5481399,10542,1.0
2216,1376,34711,324019,5483274,10534,1.0
2217,1376,34858,329579,5598187,10500,1.0
2218,1376,34858,328764,5597683,10500,1.0
2219,1376,34858,328764,5597780,10497,0.98
2220,1376,34858,328764,5598072,10500,1.0
2221,1376,34858,329528,5597429,10497,1.0
2222,1376,34858,329528,5597623,10500,1.0
2223,1376,34858,329528,5597694,10497,0.95
2224,1376,34858,310356,5128234,10500,1.0
2225,1376,34858,310356,5128256,10516,1.0
2226,1376,34858,310356,5128448,8041,0.47
2227,1376,34858,310356,5574798,10500,0.95
2228,1376,34858,310356,5597610,10497,0.64
2229,1376,34858,316422,5292788,10497,1.0
2230,1376,34858,316422,5293593,10500,0.93
2231,1376,34858,316422,5294186,10497,0.79
2232,1376,34858,316422,5573983,10500,1.0
2233,1376,34858,316422,5582330,10516,0.96
2234,1376,34858,316422,5593452,10500,0.96
2235,1376,34858,316422,5597103,10497,1.0
2236,1376,34858,316422,5597625,10500,1.0
2237,1376,34858,316422,5597722,10497,0.99
2238,1376,34858,328455,5597619,10500,1.0
2239,1376,34858,329453,5596626,10500,1.0
2240,1376,34858,329453,5597751,10497,0.98
2241,1376,34858,310934,5128464,10500,1.0
2242,1376,34858,310934,5128584,8041,0.99
2243,1376,34858,310934,5128598,10500,1.0
2244,1376,34858,310934,5129267,8041,0.91
2245,1376,34858,310934,5573963,10500,0.99
2246,1376,34858,310934,5581968,10516,1.0
2247,1376,34858,310934,5597258,10497,0.86
2248,1376,34858,329491,5594572,10500,1.0
2249,1376,34858,329491,5598034,10497,0.36
